id,sku,name,short_description,image,price,product_link,list_price,price_usd,discount,discount_rate,review_count,order_count,inventory_status,is_visible,stock_item_qty,stock_item_max_sale_qty,product_name,brand_id,brand_name
262731552,4138933557978,"Giường xếp gấp gọn di động SUMIKA 386, khung thép, có bánh xe","Với thiết kế giường đơn gấp gọn SUMIKA 386 phù hợp với những không gian nhỏ hẹp như căn hộ, chung cư, văn phòng,… chiếc giường kiểu dáng gấp gọn thông minh SUMIKA không chỉ đem đến sự thuận tiện khi b...",https://salt.tikicdn.com/cache/280x280/ts/product/83/a8/6b/956ee960ef88d022d4ea4f29f5975418.jpg,1509000,,1509000,,0,0,0,,available,,1000,1000,,51302,Sumika
203757099,4278396651296,Ổ Cắm Điện Du Lịch Quốc Tế Đa Năng Tích Hợp 3 Cổng USB-A 1 Cổng USB C. Chất Liệu Nhựa PC Chống Cháy Phù Hợp Với Hơn 150 Nước. Hàng Chính Hãng Tamayoko,MÔ TẢ SẢN PHẨM Ổ Cắm Điện Du Lịch Quốc Tế Đa Năng Tamayoko - Trợ thủ không thể thiếu của bạnTích hợp 3 cổng USB-A và 1 cổng USB type C công suất 15W cho phép sạc nhanh nhiều thiết bị cùng lúcC...,https://salt.tikicdn.com/cache/280x280/ts/product/a7/72/6a/23a78706cf8229b5eb38ce1ba4db31ba.png,281000,,500000,,219000,44,65,,available,,1000,1000,,4244853,Tamayoko
73124602,7494611465205,Bình Giữ Nhiệt Bằng Thép Không Gỉ Lock&Lock Vacuum Bottle LHC6180SLV (800ML),Đặc điểm nổi bậtBình Giữ Nhiệt Thép Không Gỉ Vacuum Bottle Lock&Lock LHC6180FU (800ml) thiết kế xách tay dễ dàng cho việc mang theo. Màu sắc nổi bật mang đển cảm giác trẻ trung khi sử dụng.Bình...,https://salt.tikicdn.com/cache/280x280/media/catalog/producttmp/66/3d/43/a79f866f7ed71bcf4799085f9ffe6995.jpg,332000,,677000,,345000,51,6953,,available,,1000,1000,,48077,LocknLock
83412126,2186358773080,Bình Giữ Nhiệt Lock&Lock Energetic One-Touch Tumbler LHC3249 - 550ML,"Đặc điểm nổi bậtBình Giữ Nhiệt Lock&Lock Energetic One-Touch Tumbler LHC3249 - 550ML với thiết kế nắp mở một chạm dễ dàng, chỉ cần đẩy nhẹ sang trái để mở khóa đồng thời mở nắp.Miệng cốc rộng d...",https://salt.tikicdn.com/cache/280x280/ts/product/e1/8c/3c/9f3524fd1f998f292ec40da6647a7e80.jpg,272000,,528000,,256000,48,3473,,available,,1000,1000,,48077,LocknLock
53789448,6888275518789,"Bộ cây lau nhà tự vắt thông minh, chổi lau nhà 360 độ, lau sạch khô nhanh - Parroti Pro PR01",   BẠN MUỐN MUA THÊM SẢN PHẨM KHÁC CỦA PARROTI Bộ lau nhà ProMax - Size LớnThùng rác Parroti BinCọ bồn cầu Parroti Silicon Bộ cây lau nhà thông minh tự vắt Parr...,https://salt.tikicdn.com/cache/280x280/ts/product/36/82/31/40994bfa1587bda48fc83ffa0bae5a6d.png,439000,,799000,,360000,45,3795,,available,,1000,1000,,746615,Parroti
99868980,5466758134944,Bình Giữ Nhiệt Locknlock Bucket Tumbler LHC4269 540ml,"Đặc điểm nổi bậtBình Giữ Nhiệt Locknlock Bucket Tumbler LHC4269 có tay cầm chắc chắn thuận tiện mang đi.Nắp bình và lưới lọc được thiết kế có thể tháo rời, giúp dễ dàng vệ sinh.Nắp cũng được trang...",https://salt.tikicdn.com/cache/280x280/media/catalog/producttmp/02/c8/60/6091f8204ac012737135c39001b0dab4.jpg,267000,,473000,,206000,44,2238,,available,,1000,1000,,48077,LocknLock
84566545,3448170956202,Ổ cắm điện đa năng kết hợp ổ cắm USB Nakagami chất lượng cao công nghệ Nhật Bản - Màu ngẫu nhiên,Ổ cắm đa năng USB Nakagami công nghệ Nhật Bản. Sản phẩm ổ cắm điện Nakagami có thiết kế kiểu dáng nhỏ gọn có thể sử dụng đa năng cho nhiều vị trí trong gia đình bạn. Thiết kế bao gồm 2 lỗ cắm USB và ...,https://salt.tikicdn.com/cache/280x280/ts/product/5d/44/7a/df37b4d47bc5d72e0ca6e47f506fb0c8.jpg,159000,,159000,,0,0,1021,,available,,1000,1000,,290071,Nakagami
33067171,4872857223507,Áo mưa dây kéo vải dù tổ ong chống thấm ( nhiều màu),"Áo mưa dây kéo vải dù tổ ong chống thấm nhiều màu,chất vải dù siêu nhẹ ,thích hợp cho cả nam và nữ.Kiểu dáng nhỏ gọn, màu sắc tươi sáng, gọn nhẹ, dễ dàng gấp gọn bảo quản.Thiết kế to, rộng mà không nặ...",https://salt.tikicdn.com/cache/280x280/ts/product/19/72/1e/acdee09fbf0bbb0c2a21fcf0b4d34a48.jpeg,99750,,105000,,5250,5,498,,available,,1000,1000,,111461,OEM
58804363,7785294673323,Dụng cụ băm rau củ quả Lock&Lock Quick Chopper,"Lực băm nghiền mạnh nhờ hoạt động bằng phương pháp xoay và ba lưỡi dao bằng thép không gỉ.Nếu bạn kéo thanh kéo nhiều lần, ba lưỡi dao sẽ quay nhanh và băm đều rau củ.Lưỡi dao bằng thép không gỉ k...",https://salt.tikicdn.com/cache/280x280/ts/product/59/a2/fb/1d39343a464cfb7df28929aab83610e1.jpg,117000,,216000,,99000,46,2823,,available,,1000,1000,,48077,LocknLock
169848307,5925025693801,"Kệ Wifi Treo Tường 2 Tầng Không Cần Khoan Để Đầu Thu Kỹ Thuật Số, Remote, Điện Thoại - IG407",Sản phẩm Kệ Treo Tường Định Tuyến Wifi - IG407 IGA là một món hàng nội thất trang trí nhỏ gọn tiện lợi dành cho phòng khách nhà bạn.Kệ gỗ wifi treo tường chứa thiết bị phát sóng wifi sẽ tô ...,https://salt.tikicdn.com/cache/280x280/ts/product/c0/20/26/d18b12c8541c13c0a059761cd6a3159d.png,60000,,60000,,0,0,423,,available,,1000,1000,,523789,IGA
71890908,5955369732589,Bộ lau nhà xoay 360 độ Sunhouse KS-CL330S,Thùng giặt bằng nhựa chắc chắnBộ lau nhà xoay 360 độ SUNHOUSE KS-CL330S được thiết kế tiện dụng với thùng vắt làm bằng nhựa tổng hợp với 2 màu sắc bắt mắt là xanh lá cây và màu tím. Kích thước phù hợ...,https://salt.tikicdn.com/cache/280x280/ts/product/76/9d/74/dbeb4e29556d9efeaf86e2b2e54db741.png,275000,,406000,,131000,32,634,,available,,1000,1000,,41048,Sunhouse
92453371,3250524762385,"Áo Mưa Cánh Dơi Có Kiếng Đèn, Áo Mưa Kiếng Đèn Vải Dù Loại Siêu Dày, Hàng Việt Nam, Khổ To Rộng, Chống Thấm Hiệu Quả, Phù Hợp Nam Và Nữ, Có Túi Đựng, Có Lựa Chọn Màu Sắc","- Áo mưa có kiểu dáng hết khổ to rộng, được thiết kế thêm túi đựng nên dễ dàng gấp gọn bảo quản.                                         - Mặt trước có bóng kính trong suốt cho đèn xe, tiện dụng k...",https://salt.tikicdn.com/cache/280x280/ts/product/6e/bf/29/4e5954d0216947c395acdf70ff6555c6.png,123500,,130000,,6500,5,190,,available,,1000,1000,,837855,XUDI
54484578,3821461114290,Đèn Bàn Học LED USB Di Động Cao Cấp Có Thể Gập Hai Chỗ – 03 Chế Độ Ánh Sáng Vàng Bảo Vệ Mắt Chống Cận eLights,"MÔ TẢ SẢN PHẨM*LƯU Ý !!!: Sản phẩm có 03 phiên bản: Đèn không tích điện: cần phải cắm vào nguồn điện như: ổ điện, máy tính, sạc dự phòng mới có thể sử dụng đượcĐèn tích điện: tích hợp pin lithium...",https://salt.tikicdn.com/cache/280x280/ts/product/a6/32/52/ce064eeb6458c9ddd1833143e4184279.jpg,178000,,259000,,81000,31,2105,,available,,1000,1000,,835483,eLights
53583472,4451468802389,"Bộ Hộp Cơm Giữ Nhiệt Lock&Lock Easy Carry 2L LHC8039 Có Túi (1 Hộp 720ml, 2 Hộp 420ml Kèm 1 Bộ Muỗng Và Nĩa)","Bộ Hộp Cơm Giữ Nhiệt Lock&Lock Easy Carry 2L LHC8039 Có Túi (1 Hộp 720ml, 2 Hộp 420ml Kèm 1 Bộ Muỗng Và Nĩa) được làm bằng chất liệu thép không gỉ cao cấp, không những bền chắc mà còn mang lại hi...",https://salt.tikicdn.com/cache/280x280/ts/product/60/6c/1b/4c401b4561004f280363f3920023bad8.jpg,857000,,1667000,,810000,49,2653,,available,,1000,1000,,48077,LocknLock
94778000,9100607091971,"Ô Dù che nắng, che mưa, có nút bấm 2 chiều, hàng chất lượng, dễ thương, thiết kế sang trọng và bền bỉ, ô dù có lựa chọn màu sắc, ","Ô dù được sản xuất trên công nghệ Nhật BảnĐộ mở rộng tới 120cm với 10 nan ô nan ô dày, thép dẻo chịu lực tốt hạn chế gập gẫy sản phẩmKhung, cán chắc chắn, bền đẹp không gỉNút bấm đóng mở tự động thời ...",https://salt.tikicdn.com/cache/280x280/ts/product/32/6f/07/c103a9c3d14b788558d8b81fbc2468bf.jpg,186200,,196000,,9800,5,257,,available,,1000,1000,,837855,XUDI
56941523,4192161694351,Ly nhựa 2 lớp LocknLock kèm ống hút HAP507 750ml,"Ly nhựa 2 lớp LocknLock kèm ống hút HAP507 750ml hai lớp cách nhiệt tốt, ngăn chặn sự ảnh hưởng từ nhiệt độ bên ngoài. Bề mặt ly ít bị đọng nước dù bạn dùng ly để đựng nước đá.Miệng ly rộng giúp bạn ...",https://salt.tikicdn.com/cache/280x280/ts/product/21/d7/bc/b80fd5aa548700350c3e039f61c13d4d.jpg,112000,,217000,,105000,48,1868,,available,,1000,1000,,48077,LocknLock
99994000,9415199298102,Bình giữ nhiệt có ống hút Lock&Lock Bucket Tumbler with Straw LHC4268 540ml,Đặc điểm nổi bậtBình giữ nhiệt có ống hút Lock&Lock Bucket Tumbler with Straw LHC4268 thiết kế tay cầm chắc chắn giúp bạn thuận tiện mang theo mọi lúc mọi nơi.Thân bình có cấu tạo 2 lớp và tất ...,https://salt.tikicdn.com/cache/280x280/ts/product/69/29/fb/ac4c518f08ad59d463d3104c372ea10e.jpg,267000,,473000,,206000,44,1418,,available,,1000,1000,,48077,LocknLock
17423771,1693054414764,"5 Viên Pin CR2032 3V Panasonic Lithium thay pin Smartkey , Cmos , Pin thay Airtag - Hàng chính hãng",Hàng năm có khoảng 600 triệu viên pin bị vứt bỏ. Số lượng pin này xếp dài ra sẽ tương đương quãng đường từ Anh sang Úc!Pin có nhiều loại với nhiều kích thước khác nhau: Có viên pin có kích thước chỉ n...,https://salt.tikicdn.com/cache/280x280/ts/product/a1/1f/95/d1b7de1071d058a44fa1dc956487d167.png,75000,,75000,,0,0,9,,available,,1000,1000,,18804,Panasonic
73125530,4485355058795,Hộp cơm thủy tinh kèm muỗng đũa LocknLock LLG991CL 930ml,"Hộp cơm thủy tinh kèm muỗng đũa LocknLock LLG991CL 930ml thiết kế vách ngăn giúp thực phẩm không bị trộn lẫn khi bỏ vào chung một hộp.Borosilicate là thủy tinh chịu nhiệt (lên tới 120 độ C), an toàn...",https://salt.tikicdn.com/cache/280x280/ts/product/4d/5d/ee/bbe447ab4330f401117ba9ee7112291a.jpg,186000,,362000,,176000,49,1324,,available,,1000,1000,,48077,LocknLock
11488920,6235877269401,Bình Giữ Nhiệt Lock&Lock RigaTumbler (897ml),"Đặc điểm nổi bậtBình Giữ Nhiệt Lock&Lock RigaTumbler LHC4160GRN có tiết kế nhẹ, đẹp, cá tính, giữ nhiệt tốt, bền, thích hợp sử dụng như bình nước dành cho hoạt động ngoài trời! có thể mang theo ...",https://salt.tikicdn.com/cache/280x280/ts/product/b7/81/0c/867c0e7a02dd70293a0b6affdc0000a9.jpg,368000,,715000,,347000,49,6076,,available,,1000,1000,,48077,LocknLock
104270135,4999472244737,Bình Giữ Nhiệt LocknLock Featherlight One-touch Tumbler LHC3257 500ml,Đặc điểm nổi bậtBình Giữ Nhiệt Lock&Lock Featherlight One-touch Tumbler LHC3257 có thiết kế mỏng nhẹ tạo cảm giác dễ dàng trong di chuyển và mang theo khắp nơi.Thân bình được thiết kế nhỏ gọn g...,https://salt.tikicdn.com/cache/280x280/ts/product/4f/ba/f7/da2d9d5951137d114b4bb5dcbb87ac87.jpg,266000,,517000,,251000,49,815,,available,,1000,1000,,48077,LocknLock
2119173,3784672643501,Cây Lau Nhà Dạng Xịt Nước Lock&Lock ETM472,"Đặc điểm nổi bậtCây Lau Nhà Dạng Xịt Nước Lock&Lock ETM472 thiết kế cây lau nhà dạn đứng với thiết kế tay cầm có cần gạt để điểu khiển việc phun nước, giúp dễ thao tác, tạo cảm giác thoải mái kh...",https://salt.tikicdn.com/cache/280x280/ts/product/fe/5a/40/3dc4cbe6744264d30d3f99ed254f0c07.jpg,293000,,539000,,246000,46,1073,,available,,1000,1000,,48077,LocknLock
186558014,6994053079370,Combo 10 Móc Dán Tường Treo Đồ Đa Năng Siêu Chịu Lực,"Combo 10 Móc Dán Tường Treo Đồ Đa Năng Siêu Chịu LựcMỗi miếng dán sử dụng keo cường lực, độ bám dính tốt, nhưng khách chỉ nên dán trên bề mặt tường mịn màng, không lồi lỗ để đảm bảo thời gian sử dụng...",https://salt.tikicdn.com/cache/280x280/ts/product/c3/54/68/aa177948cd7eecff22b870d4689bbff3.jpg,23000,,25000,,2000,8,377,,available,,1000,1000,,5706641,NAVIVU
184126392,5213383115598,"Bình giữ nhiệt 450ml kèm cốc đẹp lõi INOX 304 cao cấp giữ nhiệt tới 8 tiếng chống tràn có cốc uống, có thể dùng làm quà tặng độc đáo","1. THÔNG TIN SẢN PHẨM Bình giữ nhiệt 450ml có cốc- Chất liệu: Lõi inox 304 an toàn- Dùng để đựng trà,cafe,nước uống-Dung tích: 500ml-Trọng lượng: 230 gram-Kích thước: 15cm cao x 9 cm đường kính-Cấu t...",https://salt.tikicdn.com/cache/280x280/ts/product/19/61/b8/f2531ca0fca93c2a3e188ce421e32606.jpg,102000,,102000,,0,0,0,,available,,1000,1000,,111461,OEM
48045630,8111055666089,5 Viên Pin Smartkey - Cmos Panasonic CR2032 - Hàng Chính Hãng,Panasonic là thương hiệu nổi tiếng thế giới chuyên sản xuất các dòng pin gắn trong. Mang lại hiệu suất tuyệt vời cho thiết bị đồng thời bảo vệ môi trườngVới công nghệ NHẬT BẢN Pin CR2032 sẽ mang lại ...,https://salt.tikicdn.com/cache/280x280/ts/product/5a/56/f5/e3b92510e087e3a288facd63b36dfded.png,80000,,100000,,20000,20,724,,available,,1000,1000,,18804,Panasonic
92521124,7804360500613,Ủng Bọc Giày Đi Mưa Chống Nước Có Đế Chống Trơn Trượt Cao Cấp,"Ủng Bọc Giày Đi Mưa Chống Nước Có Đế Chống Trơn Trượt Cao CấpNhững cơn mưa bất chợt không báo trước luôn là nỗi lo đối với mỗi người khi mà áo mưa không thể che hết được toàn cơ thể, vẫn còn đôi chân...",https://salt.tikicdn.com/cache/280x280/ts/product/f6/23/ec/c11d7f10f34e4b1b08b8a98078c9f791.jpg,49000,,49000,,0,0,12,,available,,1000,1000,,111461,OEM
122692850,5498033650829,"Cây chà sàn thông minh cao cấp, chổi chà sàn đa năng 2 trong 1, cọ sàn và gạt nước – Parroti Easy ES02","Chổi cọ sàn vệ sinh Parroti Easy ES02 được thiết kế tinh tế, cây chổi làm bằng nhôm cao cấp, có thể điều chỉnh độ dài linh hoạt phù hợp không gian phòng tắm. Cộng với tính năng vừa chà vừa gạt nước t...",https://salt.tikicdn.com/cache/280x280/ts/product/3f/19/bc/d99839805877de6adfbadbf49d2b8c23.jpg,149000,,199000,,50000,25,836,,available,,1000,1000,,746615,Parroti
52574827,5484450002770,Ô (dù) tự động 2 chiều cao cấp DandiHome chống UV,"HƯỚNG DẪN SỬ DỤNG:Mở ô (dù) đơn giản chỉ với 1 nút bấm.Khi thu ô (dù), ngoài việc bấm nút để thu lại sau đó quý khách dùng tay ấn từ chóp ô để thu phần que ngắn lại như trước khi mở vào lần tới.Dù...",https://salt.tikicdn.com/cache/280x280/ts/product/e3/8b/a1/ec9bf2cc94aaf34f59ad586f2bafda1e.jpg,104500,,110000,,5500,5,1369,,available,,1000,1000,,277519,DandiHome
2119169,4204353763551,Bộ Cây Lau Nhà Lock&Lock Squeeze Flat Mop ETM471,"Đặc điểm nổi bậtBộ Cây Lau Nhà Lock&Lock Squeeze Flat Mop ETM471 thiết kế xô tứ giác thông minh, khe vắt vừa có thể vắt khô nước vừa loại các vết bẩn một cách dễ dàng.Thiết kế thùng chứa nước n...",https://salt.tikicdn.com/cache/280x280/ts/product/b6/91/71/54025594f02c08948c74a82cffb5e67f.jpg,490000,,979000,,489000,50,1210,,available,,1000,1000,,48077,LocknLock
107961500,3904766552668,Ly Nhựa 2 Lớp LocknLock Double Wall Cold Cup Cherry Blossom 750ml HAP509,Cấu trúc tường đôi: Ly Nhựa 2 Lớp LocknLock Double Wall Cold Cup Cherry Blossom 750ml HAP509 sử dụng vệ sinh hơn vì nước lạnh không bị ngưng tụ bên ngoài thành cốc.Miệng ly rộng: Dễ dàng vệ...,https://salt.tikicdn.com/cache/280x280/media/catalog/producttmp/f0/4b/fe/9701c09fb614fa990583de41a4fd95a6.jpg,129000,,217000,,88000,41,1034,,available,,1000,1000,,48077,LocknLock
892121,8567702194984,Pin Max 8 + 4 Viên Energizer E91 BP8+4 AA,"Pin Max 8 + 4 Viên Energizer E91 BP8+4 AA là sản phẩm có thể sử dụng cho các loại máy ảnh, điều khiển từ xa, đèn Pin, máy chơi game không dây, máy nghe nhạc MP3 và các thiết bị kỹ thuật số cá nhân kh...",https://salt.tikicdn.com/cache/280x280/ts/product/63/be/3b/dda65b3b6ce476ced03bd5fb68e76078.jpg,155000,,155000,,0,0,311,,available,,1000,1000,,19312,Energizer
187636657,1100971819699,"Keo Dán Giày Đa Năng Dán Mọi Loại Giày, Chống Thấm","Keo Dán Giày Đa Năng Dán Mọi Loại Giày, Chống ThấmĐẶC ĐIỂM NỔI BẬT- Đây là loại keo dán giày chuyên dụng rất dễ sử dụng, keo này dạng lỏng, sánh, nhanh khô, khi khô rất dai , độ đàn hồi rất tốt và bá...",https://salt.tikicdn.com/cache/280x280/ts/product/45/de/25/886472e4eee9c787da2a658134b197c7.jpg,41000,,45000,,4000,9,244,,available,,1000,1000,,5063093,Jodily StarHome
273624233,7688552459272,Bình giữ nhiệt LocknLock Metro Two Way LHC4272/LHC4274 - Hàng chính hãng,"Đặc điểm nổi bậtBình giữ nhiệt Lock&Lock LHC4274 có 2 loại nắp:Nắp đậy trên cùng: nắp được tích hợp cùng tay cầm. Nắp có gioăng silicon giúp vặn kín, khít và chống rò rỉ nước tối đa. Tay cầm b...",https://salt.tikicdn.com/cache/280x280/ts/product/3c/9d/13/db84e6be4bcaaacf33cd5adde0c97432.jpg,312000,,605000,,293000,48,318,,available,,1000,1000,,48077,LocknLock
71178441,7933299170181,"Áo Mưa Bít Dù Trơn, Áo Mưa Kín Người Vải Dù Siêu Dày 1M4, Chống Thấm Hiệu Quả, Phù Hợp Nam Và Nữ, Có Túi Đựng, Có Lựa Chọn Màu Sắc","Áo mưa là sản phẩm thông dụng, không thể thiếu khi mùa mưa đến, giúp bạn tránh những cơn mưa bất chợt, áo mưa được cắt may từ vải dù có độ bền cao hơn các loại vải khác.                              ...",https://salt.tikicdn.com/cache/280x280/ts/product/f1/37/b1/cc441ae23c9f735f572fa2ffa83c2b26.jpg,109250,,115000,,5750,5,235,,available,,1000,1000,,837855,XUDI
116819040,1580328299716,"Thước Dây 1,5m - YOGA QG, Thước Dây May Má, Đo Chiều Cao Cho Bé, Đo Kích Thước Ba Vòng","THƯỚC DÂYThước Dây May Đồ là một loại dụng cụ để đo chiều dài, khoảng cách. Đây có thể xem là dụng cụ đo điển hình nhất trong các loại thiết bị đo lường. Với kiểu dáng nhỏ gọn, dễ dàng mang đi theo b...",https://salt.tikicdn.com/cache/280x280/ts/product/ee/44/1c/7dd729fcedd90f8f449550d3872eaff5.jpg,5000,,9999,,4999,50,21,,available,,1000,1000,,5083311,YOGA QG
90531871,4758446326246,"Đèn Pixar, Đèn Bàn Học Chống Cận Thị, Đèn Đọc Sách, Đèn Làm Việc Bảo Vệ Mắt - Hàng Chính Hãng Moontronics","  Đèn bàn không chỉ là một dụng cụ cần thiết cho việc học tập, cũng như làm việc của bạn mà còn là một vật trang trí không thể thiếu cho căn phòng của bạn. Đèn bàn Moontronics là một sản phẩm cao ...",https://salt.tikicdn.com/cache/280x280/ts/product/f6/11/fb/308b897e52fb2260b93d4207cbd2c8ca.jpg,132050,,139000,,6950,5,1031,,available,,1000,1000,,4251381,Moontronics
173211404,7514928433043,"Ghế Xoay Văn Phòng Ngồi Làm Việc Công Thái Học Deli - Tay Gập Thông Minh, Có Ngả Lưng, Lưới Thoáng Khí, Chân Xoay Tiện Ích, Đệm Ghế Êm Aí - Phù Hợp Học Sinh, Văn Phòng, Game Thủ, Gaming - Hàng Chính Hãng - E4928 / E4929 / E4925 / E4926G",1.Thông tin sản phẩm:- Trọng lượng: 7.6kg - 9.1kg- Chất liệu: Phiên bản mới Chân ghế khung thép chắc chắn; Khung ghế nhựa  ABS; Thân ghế vải lưới siêu thoáng khí; Đệm ghế mút bọt biển êm ái- Màu sắ...,https://salt.tikicdn.com/cache/280x280/ts/product/83/54/e6/ba6bff153d0da252edb030ac83968aa1.jpg,1618200,,1618200,,0,0,659,,available,,1000,1000,,46703,Deli
3480627,9330774535233,Bộ Cây Lau Nhà Xoay Tay Compact Spin Mop Lock&Lock ETM466: Thùng Giặt + Cây + Bông Lau,"Đặc điểm nổi bậtBộ Cây Lau Nhà Xoay Tay Compact Spin Mop Lock&Lock ETM466: Thùng Giặt + Cây + Bông LauThùng chứa được làm bằng chất liệu nhựa PP cao cấp, chất lượng, có khả năng chịu được va đậ...",https://salt.tikicdn.com/cache/280x280/ts/product/45/23/7a/155a681f642637eae6b2e5cf917684d4.jpg,500000,,924000,,424000,46,1300,,available,,1000,1000,,48077,LocknLock
46202190,3178844847277,Combo nhiều túi lưới giặt đồ cho máy giặt bảo vệ quần áo chống biến dạng chất lượng tốt dây kéo lưới mịn Polyester,"Túi lưới giặt đồ cho máy giặt bảo vệ quần áo chống biến dạng chất lượng tốt dây kéo lưới mịn Polyester nhằm bảo vệ quần áo được làm từ tơ lụa, ren, len, thổ cẩm, lông thú, gấm, cotton, … tránh bị móc ...",https://salt.tikicdn.com/cache/280x280/ts/product/5b/01/ce/22baf0809ad290bf78dec9867082ac44.JPG,55000,,58800,,3800,6,368,,available,,1000,1000,,111461,OEM
120552065,9367707323552,Bình giữ nhiệt inox 304 Elmich EL-8013OL dung tích 480ml,"Chất liệu inox 304 an toàn tuyệt đối cho sức khỏeBình giữ nhiệt inox 304 Elmich EL-8013OL được làm bằng chất liệu inox 304 có khả năng chống ăn mòn tuyệt vời, bình giữ nhiệt Elmich EL-8013OL an toàn ...",https://salt.tikicdn.com/cache/280x280/ts/product/9d/0a/b2/228d7a1fd9e9da36e3862d7838e588be.png,157000,,389000,,232000,60,234,,available,,1000,1000,,31627,Elmich
122700651,3825108800822,"Cây lau kính, gạt chùi kính đa năng 2 đầu trong 1 - Parroti Shiny SN01","Cây lau kính, gạt chùi kính đa năng 2 đầu trong 1 - Parroti Shiny SN01 được thiết kế tinh tế, cán làm bằng nhôm cao cấp, có thể điều chỉnh độ dài linh hoạt phù hợp độ cao của cửa sổ. Cộng ...",https://salt.tikicdn.com/cache/280x280/ts/product/34/f2/b9/a41c7bccaeb1ea73e7ca81ae39388d2c.jpg,139000,,199000,,60000,30,598,,available,,1000,1000,,746615,Parroti
146262084,8674391888050,Gối Ngủ Memory Foam NOOZ Ruột Gối Cao Su Non Giúp Nâng Đỡ Đốt Sống Cổ Chống Đau Vai Gáy Ngủ Sâu Hỗ Trợ Chống Trào Ngược Phù Hợp Với Mọi Tư Thế Nằm Vỏ Gối Tencel,Ngủ ngon và sâu hơn với sự nâng đỡ và thoáng mát từ Gối Memory Foam NOOZViệc dành 8 tiếng để ngủ trên một chiếc gối quá dày hoặc quá mỏng sẽ làm bạn cảm thấy mệt mỏi va...,https://salt.tikicdn.com/cache/280x280/ts/product/ef/4f/0e/e81a5e0f5f23f449466addb240db8f88.jpg,309000,,560000,,251000,45,685,,available,,1000,1000,,3797113,NOOZ
262731552,4138933557978,"Giường xếp gấp gọn di động SUMIKA 386, khung thép, có bánh xe","Với thiết kế giường đơn gấp gọn SUMIKA 386 phù hợp với những không gian nhỏ hẹp như căn hộ, chung cư, văn phòng,… chiếc giường kiểu dáng gấp gọn thông minh SUMIKA không chỉ đem đến sự thuận tiện khi b...",https://salt.tikicdn.com/cache/280x280/ts/product/83/a8/6b/956ee960ef88d022d4ea4f29f5975418.jpg,1509000,,1509000,,0,0,0,,available,,1000,1000,,51302,Sumika
203757099,4278396651296,Ổ Cắm Điện Du Lịch Quốc Tế Đa Năng Tích Hợp 3 Cổng USB-A 1 Cổng USB C. Chất Liệu Nhựa PC Chống Cháy Phù Hợp Với Hơn 150 Nước. Hàng Chính Hãng Tamayoko,MÔ TẢ SẢN PHẨM Ổ Cắm Điện Du Lịch Quốc Tế Đa Năng Tamayoko - Trợ thủ không thể thiếu của bạnTích hợp 3 cổng USB-A và 1 cổng USB type C công suất 15W cho phép sạc nhanh nhiều thiết bị cùng lúcC...,https://salt.tikicdn.com/cache/280x280/ts/product/a7/72/6a/23a78706cf8229b5eb38ce1ba4db31ba.png,281000,,500000,,219000,44,65,,available,,1000,1000,,4244853,Tamayoko
21441057,9944927310617,Chảo Chống Dính Đá Sunhouse SBD18 - 18cm,"Chảo Chống Dính Đá Sunhouse SBD18 được tin dùng bởi công năng tuyệt vời, độ chống dính cao cùng với kết cấu bền chắc. Bề mặt phủ lớp đá Marble khiến cho tổng quan sản phẩm đẹp mắt, ấn tượng và nổi bật...",https://salt.tikicdn.com/cache/280x280/ts/product/57/62/95/4a26ec38af6802fec921d988ac6d5ebe.jpg,197000,,260000,,63000,24,777,,available,,1000,1000,,41048,Sunhouse
78025846,6038023233498,Khăn tắm Bamboo Life BL058 hàng chính hãng được làm từ sợi tre thiên nhiên mềm mại kháng khuẩn siêu thấm hút an toàn cho da,Khăn tắm Bamboo Life BL058 hàng chính hãng được làm từ sợi tre thiên nhiên mềm mại kháng khuẩn siêu thấm hút an toàn cho daBAMBOO LIFE – ĐỒ DÙNG CHO BÉ TỪ SỢI TRE THIÊN NHIÊN ✓ Sản phẩm chính hãng ...,https://salt.tikicdn.com/cache/280x280/ts/product/48/67/e3/face7d7997bf448129e1a55dc9da7fd0.jpg,139000,,139000,,0,0,449,,available,,1000,1000,,4430657,Bamboo Life
94724913,1173549953226,"Ron Dán Che Khe Cửa ,Chân Cửa,Khung Cửa CTFAST Chống Bụi, Ngăn Côn Trùng, Chống Ồn, Chống Thoát Nhiệt Điều Hòa, Chống Va Đập Cửa - Mẫu Cải Tiến 2021 ( Hàng Chính Hãng )","Ron Dán Che Khe Cửa ,Chân Cửa,Khung Cửa CTFAST Chống Bụi, Ngăn Côn Trùng, Chống Ồn, Chống Thoát Nhiệt Điều Hòa, Chống Va Đập Cửa là mẫu ron cải tiến mới nhất 2021 - dòng sản phẩm tiện ích giúp gia đìn...",https://salt.tikicdn.com/cache/280x280/ts/product/20/3e/cd/c4925e6e0d3a32437372b9d2ffa5240f.jpg,48000,,68000,,20000,29,329,,available,,1000,1000,,3985581,CTFAST
1024190,4116222211578,Bộ 3 Hộp Cơm Giữ Nhiệt Lock&amp;Lock Mushroom LHC8025SLV - Bạc,"Bộ 3 Hộp Cơm Giữ Nhiệt Lock&Lock Mushroom LHC8025SLV - Bạc dùng để đựng thực phẩm, thích hợp để sử dụng hằng ngày.Bộ sản phẩm gồm: Hộp cơm 460ml, 2 hộp thức ăn 420ml và 280ml, 1 túi giữ nhiệt, 1...",https://salt.tikicdn.com/cache/280x280/ts/product/43/69/91/df3f111e561b4aac803c708e9418e567.png,514000,,1007000,,493000,49,1295,,available,,1000,1000,,48077,LocknLock
119195755,1507098913214,"Bộ lau nhà tự vắt thông minh, chổi lau nhà 360 độ, lau sạch khô nhanh - Parroti ProMax PX01","Bộ Cây Lau Nhà 360 Độ Đa Năng, Thùng Vắt 2 Ngăn Thông Minh Parroti Pro Max - PX01Bộ lau nhà thông minh Parroti Pro Max - PX01 với khả năng lau sạch sàn nhà một cách nhanh chóng và nhẹ nhàng, phù hợp...",https://salt.tikicdn.com/cache/280x280/ts/product/e1/7b/74/49ad96ebddd436d3b9f660e7d45c1853.png,539000,,849000,,310000,37,675,,available,,1000,1000,,746615,Parroti
241804451,6246059058386," Móc INOX 304 Treo Đồ nặng, treo thớt, nồi niêu INOX 304 [CHỐNG NƯỚC, CHỐNG RỈ] Dán Mọi Bề Mặt"," Móc INOX 304 Treo Đồ nặng, treo thớt, nồi niêu INOX 304 [CHỐNG NƯỚC, CHỐNG RỈ] Dán Mọi Bề Mặt(Hoàn tiền 10 lần nếu giao hàng không đúng mô tả và hỉnh ảnh và video) Giới Thiệu Sản Phẩm:  Móc Inox 304...",https://salt.tikicdn.com/cache/280x280/ts/product/fd/44/45/5553a5a13dffade33aad9e32fd2bc25a.jpg,15000,,15000,,0,0,336,,available,,1000,1000,,5063093,Jodily StarHome
177610565,4234116396241,Đèn Pin Siêu Sáng US ARMY Mã XML-T6 Cao Cấp Vỏ Hợp Kim Chống Nước Sử Dụng Pin Có Thể Sạc Lại Tặng Hộp Full Box- HÀNG CHÍNH HÃNG,"MÔ TẢ SẢN PHẨM- Đèn pin siêu sáng Ultrafire XML T6 là sự kết hợp tuyệt vời giữa công suất chiếu sáng cao, trở thành một công cụ đáng tin cậy không thể thiếu trong các tình huống khẩn cấp, tìm kiếm, ...",https://salt.tikicdn.com/cache/280x280/ts/product/61/e5/30/342e31ec793af792f843b31267476994.jpg,105000,,258000,,153000,59,297,,available,,1000,1000,,5003355,US ARMY
182971940,7966240754631,Bình giữ nhiệt LocknLock có 2 nắp thay thế New Clip Tumbler 540ml LHC4279,Đặc điểm nổi bậtBình giữ nhiệt LocknLock có 2 nắp thay thế New Clip Tumbler 540ml LHC4279 có cấu trúc tường đôi cho hiệu quả cách nhiệt và giữ mát xuất sắc cũng như ngăn ngừa được việc đọng nước ngo...,https://salt.tikicdn.com/cache/280x280/ts/product/04/13/02/7d09e389b4280812b7a7353bbe719b73.jpg,267000,,520000,,253000,49,326,,available,,1000,1000,,48077,LocknLock
92385690,9397059163587,"Áo Mưa Cánh Dơi 2 Đầu Vải Dù Loại Siêu Dày, Hàng Việt Nam Chất Lượng Cao, Khổ To Rộng Phù Hợp Cho 2 Người, An Toàn Cho Người Sử Dụng, Có Túi Đựng Dễ Bảo Quản.","- Kiểu dáng chắc chắn, tiện lợi, dễ dàng sử dụng.- Giúp bạn bảo vệ mình khỏi những cơn mưa bất chợt khi đang đi đường.- Kích thước to rộng, có 2 đầu tiện sử dụng cho 2 người.                       ...",https://salt.tikicdn.com/cache/280x280/ts/product/d1/2c/36/753f57fd2978373f1760aee1f3c4964b.jpg,133000,,140000,,7000,5,61,,available,,1000,1000,,837855,XUDI
57867024,5400823422204,Bộ Lau Nhà Xoay 360 Độ Sunhouse Ks-Cl350PO,"Bộ Lau Nhà Xoay 360 Độ Sunhouse Ks-Cl350PO được thiết kế tiện dụng với thùng vắt làm bằng nhựa nguyên sinh PP siêu bền với màu cam bắt mắt. Kích thước phù hợp giúp bạn thoải mái giặt, vắt mà không lo...",https://salt.tikicdn.com/cache/280x280/media/catalog/producttmp/73/da/d2/539b3e6f1d2a3be9f07f9eaf0be6e133.jpg,330000,,330000,,0,0,6,,available,,1000,1000,,41048,Sunhouse
120759154,6781039495608,"Bó 100 Dây Thít, Dây Rút, Lạt Nhựa Đủ Mọi Kích Cỡ Tiện Lợi",  ...,https://salt.tikicdn.com/cache/280x280/ts/product/dd/47/10/2787cb9a16e5a6065191c8c980dddab8.jpg,23000,,25000,,2000,8,169,,available,,1000,1000,,111461,OEM
73147684,1640597713793,"Thanh xốp gắn chân cửa chống kẹt chân cho bé, bịt khe hở, chắn gió, chặn côn trùng","Thanh xốp gắn chân cửa chống kẹt chân cho bé, bịt khe hở, chắn gió, chặn côn trùngMô tả sản phẩm:Hai mặt, bảo vệ kép, dụng cụ cách nhiệt cho cửa và cửa sổ.Dụng cụ sẽ được cố định ở hai bên đối diện...",https://salt.tikicdn.com/cache/280x280/ts/product/65/68/30/c112a508cdea82245e756195c746a76f.jpg,38000,,40000,,2000,5,64,,available,,1000,1000,,111461,OEM
165013585,8664452519041,"Ổ Cắm Điện Dài VINAVU Kèm Cổng USB Công Tắc Riêng Chịu Tải 2500W, Chống Giật, Chống Cháy","- Lõi dây đồng chịu tải 2500W, có thể dùng cho lò nướng, lẩu điệ- Nhựa chống cháy, chịu nhiệt 750 độ C (dưới 750 độ C, ổ điện không bắt lửa, chỉ bị mềm dần)- Mỗi ổ cắm đều có công tắc riêng, lỗ cắm có...",https://salt.tikicdn.com/cache/280x280/ts/product/88/55/c9/af4cfe2b62419f744fec01c655658430.jpg,189000,,199000,,10000,5,125,,available,,1000,1000,,111461,OEM
54145105,1259816294526,"Cọ Bồn Cầu Toilet, Cọ Vệ Sinh Cao Cấp - Parroti Silicon SL01 – Có Bình Đựng Nước Tẩy, Cây Gắp Tóc Tiện Dụng",TẠI SAO BẠN NÊN MUA CỌ SILICON THAY VÌ LOẠI SỢI CƯỚC? Đầu cọ làm bằng Silicon mềm giúp tiếp xúc với bề mặt men rộng và sát hơn nên việc chùi nhanh và sạch hơn. Silicon cao cấp khác với các loại đầu...,https://salt.tikicdn.com/cache/280x280/ts/product/a5/f8/c3/cc834b8eb4596876f8d8c3eaad6b1b8f.jpg,89000,,89000,,0,0,1253,,available,,1000,1000,,746615,Parroti
32328782,1378958870501,Trung Nguyên Legend - Phin nhôm hoa văn màu đen Vĩ Nhân,"PHIN NHÔM HOA VĂN MÀU ĐEN VĨ NHÂN GIỚI THIỆU SẢN PHẨM:- Phin cà phê chất liệu nhôm cao cấp in hoa văn Doanh nhân rất tinh tế. - Phin với nhiều màu đen sang trọng và huyền bí,giúp khách hàng thể hi...",https://salt.tikicdn.com/cache/280x280/ts/product/0b/54/76/1e14fc3150ef8aec5d8b3ee569ef18a0.jpg,79000,,79000,,0,0,482,,available,,1000,1000,,155734,Trung Nguyên
1399571,5944614557985,Gối Memory Foam 50D Hình Cong Lock&Lock HLW111 (50 x 30 cm) - Trắng,"Gối Memory Foam 50D Hình Cong Lock&Lock HLW111 là gối mút hoạt tính, loại mút mà các nhà khoa học của NASA đã nghiên cứu, chế tạo để phục vụ cho các nhà du hành vũ trụ với mục đích làm giảm tối đa...",https://salt.tikicdn.com/cache/280x280/ts/product/c0/ee/54/3c4b9a80eedf3b94d89408b7783aa305.jpg,260000,,483000,,223000,46,1194,,available,,1000,1000,,48077,LocknLock
106457363,5381144755688,Túi Giữ Nhiệt Đựng Hộp Cơm 2 Ngăn – Chọn Màu Túi Giữ Nhiệt Đựng Cặp Lồng Cơm – Nhiều Màu – Chống Thấm Nước Chính Hãng,Túi Giữ Nhiệt Đựng Hộp Cơm 2 NgănChọn Màu Túi Giữ Nhiệt Đựng Cặp Lồng Cơm Nhiều Màu – Chống Thấm Nước Chính HãngMô tả chi tiết - Túi giữ nhiệt đựng hộp cơm văn phòng Chính hãng miDoctor:Túi giữ...,https://salt.tikicdn.com/cache/280x280/ts/product/a3/1a/e2/1b99212889123647b5a0ad0631f97716.jpg,44000,,70000,,26000,37,206,,available,,1000,1000,,245945,miDoctor
163550425,6411360301815,"Nệm Bông Gòn Xuất Nhật, Nệm Trải Sàn Tiện Lợi, Đệm Văn Phòng Size 1m x 2m; 1.4m x 2m; 1.6m x 2m"," CAM KẾT: Cam kết đổi trả nếu hàng không giống mô tả và hoàn tiền 100% nếu sản phẩm lỗi.────()()()────()()()──── Cấu tạo nệmLớp áo ngoài: Sử dụng sợi vải cotton dệt mật độ cao có tính kháng bụi, chốn...",https://salt.tikicdn.com/cache/280x280/ts/product/3e/9f/50/f9a176a10ab1f8a99e7a84bba402a443.jpg,383000,,500000,,117000,23,28,,available,,1000,1000,,5405899,FUKOJI
115092053,6156159064709,"Bộ ga giường poly cotton LIDACO drap giường đủ size nệm 1m2, 1m4, 1m6, 1m8","Theo các chuyên gia y tế, tối thiểu bạn nên thay ga giường, gối 1 lần/tuần. Bởi trên mặt ga giường, vỏ gối chứa vô số vi khuẩn từ tế bào chết trên da (cơ thể mất hàng triệu tế bào da mỗi ngày), phấn t...",https://salt.tikicdn.com/cache/280x280/ts/product/ca/bb/8d/9ffadc4c5f0886c6d6e333322c49d774.jpg,59000,,90000,,31000,34,713,,available,,1000,1000,,697923,LIDACO
147265074,7061493805241,"Vỉ 2 VPin AA , Pin AAA DURACELL 1,5V Siêu Bền - Hàng chính hãng","Duracell AA Everyday Alkaline là dòng pin với thành phần chính là Kiềm (công nghệ Alkaline) cho khả năng giữ điện bền bỉ, hiệu xuất lớn hơn so với các dòng pin thông dụng khác khác.Duracell AA Everyd...",https://salt.tikicdn.com/cache/280x280/ts/product/be/f9/9b/c02723606bb78e04f4a31fe9d57eefac.jpg,32500,,32500,,0,0,134,,available,,1000,1000,,177955,DURACELL
119203295,3693537238951,"Combo 5 Khăn Lau Bếp, Lau Kính Siêu Thấm Hút Parroti - Fiber FB02","Combo 5 Khăn lau bếp lau kính siêu thấm hút Parroti Fiber FB02Combo 5 Khăn lau bếp lau kính siêu thấm hút Parroti Fiber FB02 được làm từ sợi Microfiber, có tính chất hút nước cực cao, không để lại v...",https://salt.tikicdn.com/cache/280x280/ts/product/43/5a/f3/8717a4abcd84a84a629d2bc56325a670.jpg,49000,,89000,,40000,45,380,,available,,1000,1000,,746615,Parroti
84886093,6456848067230,Vợt muỗi thông minh 3in1 SUNHOUSE SHE-PRO11.W,Đặc điểm nổi bậtVợt muỗi thông minh 3in1 Sunhouse SHE-PRO11.W tích hợp 3 chức năng: vợt muỗi + dèn diệt muỗi + đèn ngủ.Vợt có kiểu dáng gọn nhẹ với màu trắng sang trọng tạo nên chiếc vợt vừa hiện đ...,https://salt.tikicdn.com/cache/280x280/ts/product/de/31/92/652bedcfc66d71445bb9ae9c00072292.png,275000,,344000,,69000,20,157,,available,,1000,1000,,41048,Sunhouse
183907622,5312017804399,"Cây Lăn Bụi Quần Áo, Ghế Sofa - Tặng Kèm 2 lõi lăn","LĂN BỤI QUẦN ÁO, GHẾ SOFE- Dùng để lau bụi dính ở quần áo, đặc biệt các chất dính len, dạ bị dính do giặt chung các loại quần áo với nhau.- Đặc biệt nhà ai nuôi chó mèo tì cực kỳ hữu hiệu.- Cây lăn...",https://salt.tikicdn.com/cache/280x280/ts/product/79/e2/1f/1d14f97a14bb55301e099f671f660dc6.jpg,30000,,55000,,25000,45,120,,available,,1000,1000,,4820811,PEAFLO
119030223,6424158958424,"Keo Dán Giày, Gỗ, Nhựa, Sứ Siêu Dính Chống Thấm Đa Năng Deli - 7Ml / 20Ml - 7140 / 7149 ","TÍNH NĂNG SẢN PHẨM:️Chỉ cần 1 lớp keo mỏng đã tạo được mối nối trong suốt siêu chắc và tự nhiên, không tì vết.️Bề mặt keo nhẵn mịn ngay sau khi khô.️Keo dính cực mạnh, dính chắc và siêu bền.️Phù hợp v...",https://salt.tikicdn.com/cache/280x280/ts/product/14/c5/69/9cea56085e424732c5c7dd9bea115614.png,17000,,32400,,15400,48,292,,available,,1000,1000,,46703,Deli
185910176,3611176538579,Giấy Nến Vàng Lót Nồi Chiên Không Dầu Sạch Sẽ Tiện Dụng An Toàn Cho Sức Khỏe - 1 set 50 Tờ,"Giấy Nến Vàng Lót Nồi Chiên Không Dầu Sạch Sẽ Tiện Dụng An Toàn Cho Sức Khỏe+ THÔNG TIN SẢN PHẨM:- Giấy nến vàng được sử dụng cho nồi chiên không dầu với mục đích hứng dầu mỡ, thức ăn vụn bám bẩn và...",https://salt.tikicdn.com/cache/280x280/ts/product/78/12/12/4ec7b7fc2a7e1eda5082d09b27197929.jpg,79000,,85000,,6000,7,173,,available,,1000,1000,,5063093,Jodily StarHome
98562149,6037043512794, 328 Cái Ống Co Nhiệt Cách Nhiệt Ống Co Phân Loại Điện Tử,"Dùng bảo vệ mối nối dây điện trong gia đình, xe máy, ô tô, xe điều khiển, máy bay điều khiển từ xa, kết nối pinGen co nhiệt có khả năng chống cháy rất tốt, bảo vệ môi trường, máy móc khỏi nguy cơ cháy...",https://salt.tikicdn.com/cache/280x280/ts/product/45/6f/e7/4b6ecbd3404c9da06785ff2bbae42f35.jpg,28989,,28989,,0,0,192,,available,,1000,1000,,111461,OEM
71924330,8126161754070,Bộ Chổi Quét Nhà Lock&Lock Gồm Cây Chổi và Dụng Cụ Hốt ETM465,"Đặc điểm nổi bậtBộ Chổi Quét Nhà Gồm 1 Cây Chổi + 1 Dụng Cụ Hốt Lock&Lock ETM465 là sản phẩm vô cùng tiện ích, thay thế cho cây chổi quét bình thường thân inox nhỏ , nhẹ dễ luồn lách nhẹ nhàng đ...",https://salt.tikicdn.com/cache/280x280/ts/product/a5/3f/7e/7332e8f95dc6d5c7a6f7691a6345bff5.jpg,264000,,428000,,164000,38,362,,available,,1000,1000,,48077,LocknLock
112321595,1130794413685,"Đèn Học Chống Cận Thị, Đèn Đọc Sách, Đèn Làm Việc Để Bàn Chống Chói Mắt Lóa Mắt Bảo Vệ Mắt Chống Cận Thị, Cảm Ứng Siêu Sáng - VinBuy","Đèn Học Chống Cận Thị, Đèn Đọc Sách, Đèn Làm Việc Để Bàn Chống Chói Mắt Lóa Mắt Bảo Vệ Mắt Chống Cận Thị, Cảm Ứng Siêu Sáng - VinBuy Bóng đèn led có 3 chế độ ánh sáng, mỗi chế độ có 10 kiểu tăng giả...",https://salt.tikicdn.com/cache/280x280/ts/product/14/5e/e3/f017845fbdd1c0301373abd23bbb1028.png,179000,,300000,,121000,40,407,,available,,1000,1000,,4224691,VinBuy
186627908,4742192840663,"Ghế Gác Chân Công Thái Học Ergonomic Footrest, Ghế Kê Chân Ghế Gác Chân Văn Phòng","Ghế Gác Chân Công Thái Học, Ghế Kê Chân Văn Phòng Ergonomic Footrest Đầy Đủ Phiên Bản Ghế gác chân công thái học được nghiên cứu và thiết kế khoa học giúp nâng đỡ chân thoải mái khi làm việc, học hàn...",https://salt.tikicdn.com/cache/280x280/ts/product/54/4c/f6/7f5acc14c20dd544661625076c678852.jpg,189000,,280000,,91000,33,296,,available,,1000,1000,,7806557,Office Chill
57806524,8997883643771,"Áo Mưa Bộ Vải Dù Cao Cấp Cho Bé Từ 3 -10 Tuổi, Chống Thấm, Che Kín Người An Toàn Cho Bé, Lựa Chọn Màu Sắc Phù Hợp Giới Tính (Giao Màu - Mẫu Ngẫu Nhiên)","-Giao Màu - Mẫu ngẫu nhiên, bao bì mẫu mã có thể thay đổi theo từng đợt sản xuất.Thương hiệu uy tính : XUDI- Chất liệu: Vải dù 100%- Áo có được thiết kế khóa kéo và nút bấm hạn chế nước bắn vào ng...",https://salt.tikicdn.com/cache/280x280/ts/product/27/4c/1b/14a218ab745e34ffac8119a614cfb5d6.jpg,104500,,110000,,5500,5,108,,available,,1000,1000,,837855,XUDI
143841853,3525543654010,Bình Giữ Nhiệt Coffee Bugu Mini Inox 304 LI-02 – Hàng Chính Hãng,"Bình Giữ Nhiệt Coffee Bugu Mini Inox 304 LI-02 – Hàng Chính Hãng 1, THÔNG SỐ KỸ THUẬT:Thương hiệu: buguModel: LI-02Vật liệu: Inox 304 dày, Nắp bằng nhựa PPDung tích: 400ml và ...",https://salt.tikicdn.com/cache/280x280/ts/product/d7/f3/89/a5e470ebe8de7503b9e5972ac3214cf1.jpg,108000,,150000,,42000,28,319,,available,,1000,1000,,568631,Bugu
52756206,7029288122351,1kg Túi Đựng Rác Tự Phân Hủy Sinh Học Gimex II (full size),Túi đựng rác tự phân hủy được sản xuất bởi chất liệu HDPE và Phụ gia tự hủyTúi có khả năng tự phân hủy trong môi trường tự nhiên trong thời gian ít hơn rất nhiều so với các loại túi rác thông thường ...,https://salt.tikicdn.com/cache/280x280/ts/product/ec/33/1d/10f7afa8372c70d1dd12132af6c9c324.jpg,28000,,28000,,0,0,229,,available,,1000,1000,,7304105,Túi ni lông tự phân hủy sinh học GIMEX II
138952791,9707055524901,"Móc Treo Cây Lau Nhà Dán Tường Đa Năng Chịu Lực Tốt, 2 Trong 1 - Parroti Keeper KP03","Móc dán tường treo cây lau nhà siêu chịu lực Parroti Keeper KP03 là sản phẩm tiện ích giúp cho không gian nhà bạn gọn gàng và ngăn nắp hơn, miếng dán chắc chắn và dính trên mọi loại bề mặt sà...",https://salt.tikicdn.com/cache/280x280/ts/product/7e/e7/45/1959e6b0dc6d935bcec51fb9bfbde4b1.jpg,24900,,42000,,17100,41,287,,available,,1000,1000,,746615,Parroti
181410158,6881043604407,Bàn Làm Việc Đa Năng Decor Phong Cách Gaming Thương Hiệu IGA - GM62,"THÔNG TIN SẢN PHẨMChất liệu: Gỗ MDF phủ melamin, chân thép chống ghỉ sơn tĩnh điệnMàu sắc: Trắng - Vân gỗKích thước: 80x40x75cm, 120x60x75cmCông năng: Sử dụng làm bàn học, bàn làm việc, bàn gamin...",https://salt.tikicdn.com/cache/280x280/ts/product/bb/e5/93/ef559e18d19b1792f71eabfc8bf5b1f5.jpg,320000,,320000,,0,0,217,,available,,1000,1000,,523789,IGA
52504270,2215202432605,Chiếu Mây Điều Hòa Cao Cấp Loại dày,"Chiếu Mây Điều Hòa Cao CấpChiếu mây điều hòa hay còn gọi là chiếu sợi mây điều hòa nguyên bản được làm từ chất liệu là các sợi mây đan vào nhau, mặt dưới là lớp lót bằng vải không, viền xung quanh ch...",https://salt.tikicdn.com/cache/280x280/ts/product/d9/4d/57/371b6eb96dbbcdb178c6eaccbf1994a5.jpg,169000,,230000,,61000,27,773,,available,,1000,1000,,697923,LIDACO
892141,9969906367307,Pin Max 8 + 4 Viên Energizer E92 BP8+4 AAA,"Pin Max 8 + 4 Viên Energizer E92 BP8+4 AAA là sản phẩm có thể sử dụng cho các loại máy ảnh, điều khiển từ xa, đèn Pin, máy chơi game không dây, máy nghe nhạc MP3 và các thiết bị kỹ thuật số cá nhân k...",https://salt.tikicdn.com/cache/280x280/ts/product/90/19/31/161a97e4a44ea95c5fbadeec50f6dc47.jpg,155000,,155000,,0,0,96,,available,,1000,1000,,19312,Energizer
1651191,4905430978171,Kệ Đỡ Màn Hình Máy Tính Monitor Stand Walnut Plyconcept MSM01003 (490 x 200 mm) - Nâu Đậm,Kệ Đỡ Màn Hình Máy Tính Monitor Stand Walnut Plyconcept * Hai vấn đề mà mọi người sử dụng Imac và desktop hay gặp phải đó là: 1/ Đa số các màn hình máy tính hiện tại được thiết kế khá thấp nên khi...,https://salt.tikicdn.com/cache/280x280/ts/product/d7/a2/70/7b652b10c5d7f360cb70557f7066a08e.jpg,250000,,380000,,130000,34,206,,available,,1000,1000,,152763,Plyconcept
104680895,1626052949076,Cây Lau Nhà Đơn MyJae Sợi Microfiber Xoay 360 Độ Phù Hợp Cho Nhiều Loại Thùng Lau 134cm,"    *Thông số kỹ thuật:Thương hiệu : MyJaeTên sản phẩm : Cây lau nhà đơn MyJaeKích thước: Chiều dài cây lau: 144cm, Bông lau: 40cmMàu sắc : Trắng, TímChất li...",https://salt.tikicdn.com/cache/280x280/ts/product/7e/a9/41/1caaf8fad71cb297b7eaf3de857d4d2c.jpg,330000,,330000,,0,0,280,,available,,1000,1000,,3807547,MyJae
153066085,6009850431003,Pin CR2032 Lithium 3V Maxell cao cấp Made In Japan - Hàng chính hãng,- THỜI GIAN LƯU TRỮ NĂNG LƯỢNG : 8 NĂMXUẤT XỨ : NHẬT BẢN- LOẠI PIN : LITHIUM CAO CẤP...,https://salt.tikicdn.com/cache/280x280/ts/product/e6/00/c6/b174ea23614e261b4f099dafbff1731e.png,30000,,30000,,0,0,204,,available,,1000,1000,,21437,Maxell
58357614,3432364889774,"Đèn bắt muỗi, ruồi và các loại côn trùng Con Dơi"," 1. Đặc điểm nổi bậc của bắt muỗi, ruồi và côn trùng hiệu CON DƠI MODEL CN02- Tiêu diệt muỗi cả ban ngày và ban đêm ( đèn bắt muỗi thông thường không bắt được muỗi ban ngày) muỗi ban ngày mới thực sự...",https://salt.tikicdn.com/cache/280x280/ts/product/4e/22/61/53990c6bddec720f5f8e2b8cf186be86.png,350000,,390000,,40000,10,992,,available,,1000,1000,,304627,CON DƠI
184245786,6515477137615,"Túi đựng hộp cơm giữ nhiệt, túi đựng đồ ăn trưa văn phòng có lớp lót nhôm giữ nhiệt dày dặn, kích thước lớn tiện lợi","Túi đựng hộp cơm giữ nhiệt, túi đựng đồ ăn trưa văn phòng có lớp lót nhôm giữ nhiệt dày dặn, kích thước lớn tiện lợi- Chất liệu: + Bên ngoài là vải oxford cao cấp được chon lọc. + Bên trong là lớp ...",https://salt.tikicdn.com/cache/280x280/ts/product/0e/00/0f/1af4422c4c52765f95e4e72b47af13ab.jpg,56050,,59000,,2950,5,21,,available,,1000,1000,,111461,OEM
64988886,2301709821421,Bình giữ nhiệt Lock&Lock Flat nắp gỗ 400ml - LHC4227,"Đặc điểm nổi bậtBình giữ nhiệt Lock&Lock Flat nắp gỗ 400ml - LHC4227 có lớp vỏ ngoài cùng được làm từ thép không gỉ SS304 cứng cáp, chịu nhiệt tốt, không gây phản ứng hóa học với thực phẩm và rấ...",https://salt.tikicdn.com/cache/280x280/ts/product/f5/7f/26/9358b9f1194e8327aa994d7fb6b3b4c1.jpg,275000,,534000,,259000,49,843,,available,,1000,1000,,48077,LocknLock
122911188,1973198437145,"Găng tay cao su siêu dai rửa bát, bao tay cao su rửa chén, vệ sinh nhà cửa, an toàn, không mùi hôi Parroti Active AT01",   Găng tay cao su Parroti Active được làm từ Nitrile (làm găng tay y tế) vừa có tính chất an toàn với người dùng vừa có tính siêu dai và bền. Khác với loại thông thường có mùi hôi của nhựa và ...,https://salt.tikicdn.com/cache/280x280/ts/product/28/e0/b4/54b98df378887c59a731ccb287b16571.jpg,49000,,89000,,40000,45,449,,available,,1000,1000,,746615,Parroti
273244363,1569514381175,"Kệ Sách Gỗ 5 Tầng, Giá Sách Đứng Cạnh Bàn Làm Việc - GP189"," Kệ Sách Đứng Ngăn Chéo - GP189 có nhiều ngăn cho bạn tha hồ chứa đựng tài liệu, sách, báo mà bạn cần lưu trữ gọn gàng ngăn nắp tránh bị thất lạc.Kệ sách đứng nhỏ có bánh xe gắn ở bên dưới...",https://salt.tikicdn.com/cache/280x280/ts/product/94/f9/85/b9b179344266b02c39584e232ee7e8ea.jpg,346000,,346000,,0,0,74,,available,,1000,1000,,523789,IGA
200960836,7258950772391,"Dây Đèn Led Fairy Light Trang Trí Giáng Sinh Biểu Tượng Cây Thông, Người Tuyết, Ông Già Noel - Chính Hãng NAVIVU"," Đóng gói:  1 dây đèn fairy light️ Tính năng Dây đèn trang trí giáng sinh với biểu tượng dễ thương như cây thông, người tuyết, ông già Noel và chim cánh cụt. Bóng đèn kiểu fairy light dịu nhẹ, tiết k...",https://salt.tikicdn.com/cache/280x280/ts/product/7a/99/d8/a9f21f297340ddf3aca3d693830a8e55.jpg,79000,,79000,,0,0,18,,available,,1000,1000,,5706641,NAVIVU
14681534,5817697031690,Bộ tua vít sửa chữa đồng hồ điện thoại,"Bộ tua vít ví da sửa chữa đồ điện tử 25 đầuVới bộ tua vít 25 in 1 này đảm bảo bạn sẽ không còn phải lo lắng sửa chữa đồ điện tử khi gặp phải những con ốc, vít siêu nhỏ.Bộ tô vít ví da 25in1  mang lạ...",https://salt.tikicdn.com/cache/280x280/ts/product/19/f9/bf/86e402b40e370ee5f427bbdc23b25f6d.jpg,54000,,54000,,0,0,189,,available,,1000,1000,,111461,OEM
52484490,6566534043905,Keo Dán Chống Thấm Siêu Dính Nhật Bản Bosui Dài 5m ,"Băng Keo Siêu Dính - Chịu Nhiệt - Chống Thấm Nước BAO BÌ SẢN PHẨM CÓ THỂ THAY ĐỔI THEO TỪNG ĐỢT NHẬP HÀNG . TÍNH NĂNG SẢN PHẨM- Keo dính cực kỳ chắc, đã dán là không thể bóc ra được, chịu nước, ch...",https://salt.tikicdn.com/cache/280x280/ts/product/ee/36/31/550fb17c9c27879bf37cd08aa4965e59.png,35000,,60000,,25000,42,2,,available,,1000,1000,,111461,OEM
46163430,7071544736536,Sáo Recorder Soprano Yamaha YRS-24B Tone C (Đô) - Kèm Móng Gảy DreamMaker,"Sáo recorder Yamaha YRS-24B là một loại sáo dọc, dễ chơi, ít tốn hơi hơn các loại sáo trúc, tiêu được đưa vào chương trình giáo dục âm nhạc ở trường tiểu học, trung học nước ngoài , điển hình là N...",https://salt.tikicdn.com/cache/280x280/ts/product/ba/86/7b/ee1159f2211ad140e527c4b9721d1966.jpg,129000,,129000,,0,0,197,,available,,1000,1000,,153444,Yamaha
173732608,5937412110953,"Combo Khăn Lau Đa Năng 2 Mặt Siêu Thấm , Khăn Lau Bếp , Khăn Lau Kính , Khăn Lau Chén Bát , Khăn Lau Tay , Khăn Lau Ô Tô PaKaSa ","Combo Khăn Lau Đa Năng 2 Mặt Siêu Thấm , Khăn Lau Bếp , Khăn Lau Kính , Khăn Lau Chén Bát , Khăn Lau Tay , Khăn Lau Ô Tô PaKaSa Chất liệu sợi: Microfiber (sợi tổng hợp mịn, có đường kính nhỏ hơn 10 m...",https://salt.tikicdn.com/cache/280x280/ts/product/b3/d0/9a/5dad35e6a7cd48b9256693bdb37e759f.jpg,38000,,38000,,0,0,4,,available,,1000,1000,,5033337,PaKaSa
165256438,5288949507935,Khăn mặt sợi tre Bamboo&Love 30x50 mềm mại kháng khuẩn siêu thấm hút an toàn cho da ngay cả với trẻ sơ sinh ,"🌸 Thông tin chi tiết bộ sản phẩm Khăn sợi tre- Chất liệu: 60% Sợi tre, 40% Sợi conton - Kích thước: 30x50 cm- Trọng lượng: 70gram- Tính năng Siêu thấm hút, nhanh khô gấp 3-4 lần COTTON kháng ...",https://salt.tikicdn.com/cache/280x280/ts/product/30/b2/8a/044cb07ca56621fd2cf9bf1f17654e1d.jpg,21900,,23900,,2000,8,451,,available,,1000,1000,,111461,OEM
162548473,4047040146883,Hộp Đựng Giày Nhựa Cứng Cao Cấp Size Lớn Cửa Nam Châm Lắp Ráp Tiện Lợi Song Anh- Hàng Chính Hãng,GIẢI PHÁP TỐI ƯU CHO CĂN NHÀ CỦA BẠN - HỘP ĐỰNG GIÀY ĐA NĂNG️ Hộp giúp bảo quản những đôi giày khỏi bụi bẩn.️ Cửa mở trong suốt có thể nhìn thấy giày bên trong.️ Chồng các hộp thành khối lớn để tiế...,https://salt.tikicdn.com/cache/280x280/ts/product/6d/10/99/245a46c05899d7a64bf87915e61d39fb.jpg,84000,,150000,,66000,44,122,,available,,1000,1000,,738187,Song Anh
36560504,3444149595305,Bình Nước Lock&Lock One Touch ABF687 500ml,"Đặc điểm nổi bậtKích thước 19 x 6,5 cmNắp, thân bình: nhựa Tritan / Quai xách: TPE / Gioăng: siliconeBình nước làm từ Tritan, không chứa chất độc hại và an toàn cho sức khỏe của bạn.Dễ dàng mở nắ...",https://salt.tikicdn.com/cache/280x280/ts/product/28/25/dd/6587ad8f097c705de66e693986b78ad0.jpg,159000,,290000,,131000,45,511,,available,,1000,1000,,48077,LocknLock
149617968,5120131025473,Thùng đựng gạo thông minh M&L Royalcare 6068 - bao gồm khay đựng ngũ cốc - chống ẩm mốc côn trùng - đồ gia dụng tiện ích,M&L – là thương hiệu chuyên phân phối những sản phẩm đồ gia dụng thông minh – sang trọng – tiện dụng. M&L luôn theo xu hướng SMART LIFE được nhiều bạn trẻ và các gia đình hiện đại lựa chọn. M&...,https://salt.tikicdn.com/cache/280x280/ts/product/88/15/87/5f28ec56555b651603c24dd7db6516d2.jpg,469000,,469000,,0,0,144,,available,,1000,1000,,262521,M&L
75664370,6210211427495,GỐI MỀN BIỆT ĐỘI RU NGỦ 3 IN 1 - BỘ CHĂN GỐI VĂN PHÒNG SIÊU MỊN.,"MẦU CHĂN GỐI VĂN PHÒNG, MỀN GỐI BIỆT ĐỘI RU NGỦ SIÊU CẤP DỄ THƯƠNG MẪU MỚI 2021Các bạn văn phòng nghỉ trưa, hay cho các bé mang đi học đều rất ấm áp, hay đi du lịch xa, đi xe khách, xe giường nằm, đọ...",https://salt.tikicdn.com/cache/280x280/ts/product/0e/c1/c4/7ff659dfc45e277e7c006c09c5879c97.jpg,189050,,199000,,9950,5,154,,available,,1000,1000,,111461,OEM
127031393,9115457631995,Ca nước giữ nhiệt LocknLock Metro Mug LHC4219 475ml,"Đặc điểm nổi bậtCa nước giữ nhiệt LocknLock Metro Mug LHC4219 có thể giữ nóng trên 60℃ lên đến 3 tiếng, riêng với đồ uống lạnh thì lâu hơn, nhiệt độ duy trì dưới 8℃ lên đến 18 tiếng.Vật liệu được s...",https://salt.tikicdn.com/cache/280x280/ts/product/27/9e/33/cb5f8a1f2af9e1d8213c25a6174f0ac5.jpg,293000,,506000,,213000,42,744,,available,,1000,1000,,48077,LocknLock
148713415,5083433241027,"Tua Vít Cầm Tay Nhỏ Gọn, Tiện Dụng Lắp Ráp Và Sửa Chữa Vật Dụng Gia Đình (5mmx155mm)","Tua Vít Đa Năng Cầm Tay Nhỏ Gọn PK02 - Tiện Dụng Lắp Ráp Và Sửa Chữa Vật Dụng Gia ĐìnhTuốc nơ vít là một công cụ cần có trong bộ dụng cụ cơ bản của gia đình. Với thiết kế nhỏ nhắn, đơn giản bao gồm 1...",https://salt.tikicdn.com/cache/280x280/ts/product/50/54/11/06719016c56448077a6dbdbf0049f9bb.png,27000,,27000,,0,0,13,,available,,1000,1000,,111461,OEM
131407951,2155890578632,Bàn làm việc bàn hoc chữ k ,"       Đặc điểm nổi bật .   -Bàn làm việc chữ K mẫu mới sản phẩm được ra mắt năm 2020   Chất liệu khung xương bàn được gia công bằng thép sơn tĩnh điện, chống gỉ sét.   Ván gỗ nhân tạo (MFC) có...",https://salt.tikicdn.com/cache/280x280/ts/product/ea/f6/5b/7dadaff7dfbc808dc5ded787cb242b8c.jpg,372240,,396000,,23760,6,511,,available,,1000,1000,,111461,OEM
34818286,5518269660484,"ĐỦ SIZE - Túi bạt, túi dứa có dây kéo đựng đồ, quai xách màu ngẫu nhiên (may từ vải bạt  Tú Phương)","*LƯU Ý: kích thước có thể sai lệch 1-3 cm do quá trình mayTúi quai xách tiện lợiKhóa kéo 3/4 miệng túi, 2 dây kéo chắc chắnVải bạt chống nước, có thể giặt và tái sử dụng nhiều lầnChất liệu bền bỉ cho ...",https://salt.tikicdn.com/cache/280x280/ts/product/25/4d/3f/67ee87fcf99334d355b7122616f67c72.jpg,70000,,70000,,0,0,542,,available,,1000,1000,,111461,OEM
128969410,3099244770442,"Kệ Sách Để Bàn, Giá Sách Thiết Kế Hiện Đại Thương Hiệu IGA - GP157",Kệ Sách Để Bàn IGA SAI SHAN - GP157 là một sản phẩm thông minh đa năng có thể hỗ trợ bạn rất nhiều trong việc xử lý vấn đề trên một cách nhanh gọn lẹ.Kệ sách để bàn thông minh này cho phép ...,https://salt.tikicdn.com/cache/280x280/ts/product/0d/a7/a0/23ad976231e196a3f231ded98eec7a68.jpg,205000,,205000,,0,0,374,,available,,1000,1000,,523789,IGA
71206737,2301703637561,Đèn Pin Laser 303 - Hàng Chính Hãng,THÔNG TIN SẢN PHẨM- Đèn laser 303 công suất 5.000mw có thể phát tia sáng xanh/đỏ (bước sóng 532nm) xa hàng km.- Thân máy: màu đen- Màu đèn: Màu xanh lá cây/đỏ- Chất liệu thân: aerometal- Nút...,https://salt.tikicdn.com/cache/280x280/ts/product/45/9c/5b/dbee40446f7bfc755892475099abffb5.jpg,133400,,145000,,11600,8,257,,available,,1000,1000,,837721,Essesa
110001215,6334612852198,"Nẹp Dây Điện Dán Tường Siêu Dính ,Kẹp Dây Điện Cố Định Và Giữ Dây Điện Siêu Sốc an toàn tiện lợi dễ lắp đặt","Bộ 20 miếng dán tường đi dây điện - kẹp cố định nút giữ luồn dây điệnNẹp Dây Điện,Kẹp Dây Điện dán tường cố định dây điện,giữ dây điện an toàn và tiện lợiPhân Loại :• Mỗi bộ sản phẩm gồm: 20 nút kẹ...",https://salt.tikicdn.com/cache/280x280/ts/product/96/fa/50/c7076604050770456d306f692be8896e.jpg,25000,,29000,,4000,14,122,,available,,1000,1000,,111461,OEM
117353723,8574020376721,Chiếu ngủ văn phòng cao cấp ,"Chiếu ngủ văn phòng cao cấp Chất liệu nhựa 2 lớp: lớp mút và lớp bạc êm ái Gọn nhẹ, dễ dàng mang theo khi đi dã ngoại, văn phòng Xếp gọn và vệ sinh dễ dàng Cho giấc ngủ trưa ngon, không nóng bức  ...",https://salt.tikicdn.com/cache/280x280/ts/product/9c/f9/fe/16bb2b3a930c6c8c2f821e671da8ddcb.jpg,45000,,45000,,0,0,332,,available,,1000,1000,,293033,Krishna
63051860,8103408059471, Đèn Học Làm Việc Đọc Sách Để Bàn Pixar Chống Cận Thị Bảo Vệ Mắt - Hàng Chính Hãng eLights,"SỰ LỰA CHỌN TẤT CẢ TRONG 1 (ALL IN ONE)Bộ sản phẩm bao gồm tất cả những gì bạn cần cho căn phòng làm việcBao gồm đèn bàn, chân đế, kẹp bàn, 01 bóng đènBóng đèn LED có thể thay đổi 03 màu sắc vàng ...",https://salt.tikicdn.com/cache/280x280/ts/product/44/0e/25/d0b1c8ce748305d97501046fe003e415.jpg,149000,,219000,,70000,32,957,,available,,1000,1000,,835483,eLights
177969021,4498639784706,Bộ Hộp Cơm Giữ Nhiệt 2GOOD Lunch Box HC02 (2000ml) - Kèm Muỗng và Đũa Inox 304,...,https://salt.tikicdn.com/cache/280x280/ts/product/4b/4b/86/156c1225966e52fc3f168c4037eb2b39.jpg,590000,,590000,,0,0,75,,available,,1000,1000,,212371,2Good
174236741,8584642860617,Găng tay cao su tự nhiên Lock&Lock ETM830 (có móc treo),Găng tay cao su tự nhiên Lock&Lock ETM83có móc treo tiện lợi có thể móc lên sau khi sử dụng hoặc giặt rửa.Chất liệu 100% cao su tự nhiên không chứa BPA độc hại.Bảo vệ da và móng giúp tay bạn t...,https://salt.tikicdn.com/cache/280x280/ts/product/e2/78/d9/7a71ce9820675aac7c09e628285883da.jpg,34000,,64000,,30000,47,132,,available,,1000,1000,,48077,LocknLock
56336206,8319616509732,Mền lông cừu xám cao cấp A - 1m8x2m,"Giặt đúng cách:- Lần giặt đầu tiên, giặt với nước lạnh trong 5 phút (không ngâm sản phẩm với bột giặt hoặc nước xả vải), không giặt chung với đồ dùng khác. Lưu ý, trong lần giặt đầu tiên, sản phẩ...",https://salt.tikicdn.com/cache/280x280/ts/product/84/db/ea/ab833afb7769cfbc3cac49e22407768e.png,171000,,180000,,9000,5,378,,available,,1000,1000,,252399,A
2153015,9061182029037,Bộ Vít 24 Món Xiaomi Wiha Precision Screwdriver,►► Chi tiết sản phẩm: Thương hiệu: XIAOMIModel: MJJLL SD002QWTrọng lượng sản phẩm: 230gMô-men xoắn bánh răng: Tối đa 20 N.mKích thước tuốc nơ vít: 144x34x34mmKích thước thanh mở rộng: 110x10x10...,https://salt.tikicdn.com/cache/280x280/ts/product/9f/97/2c/5e870104e3c81c6001c43cfc6a1e4b78.jpg,389000,,490000,,101000,21,134,,available,,1000,1000,,25422,Xiaomi
2151853,7734857940839,Ly Giữ Nhiệt Lock&Lock Swing Tumbler - Bạc,"Ly Giữ Nhiệt Lock&Lock Swing Tumbler - Bạc là một trong số những loại ly giữ nhiệt được nhiều người yêu thích và tin dùng bởi khả năng giữ nhiệt tốt, rất thích hợp cho những chuyến dã ngoại, d...",https://salt.tikicdn.com/cache/280x280/ts/product/75/90/a8/f212bb73368db41989cb448243c745f7.jpg,370000,,623000,,253000,41,1644,,available,,1000,1000,,48077,LocknLock
44620765,8907184457090,Đèn Pin Led Siêu Sáng Mini Có Sạc USB Có Hỗ Trợ Sạc Dự Phòng Lại Cho Điện Thoại Khẩn Cấp - Hàng Chính Hãng,"Đèn Pin Led Siêu Sáng Mini Có Sạc USB Có Hỗ Trợ Sạc Dự Phòng Lại Cho Điện Thoại Khẩn Cấp - Hàng Chính HãngVideo thực tế Đèn Pin Mini LED Siêu Sáng T6Thiết kế bằng hợp kim nhôm, nhỏ gọn, đơn giản v...",https://salt.tikicdn.com/cache/280x280/ts/product/51/2a/c4/382eb8865f53f5fc185aefeb4e0b874e.jpg,88000,,129000,,41000,32,386,,available,,1000,1000,,408443,Mai Lee
118858137,4586275456734,Nạo Gọt Rau Củ Quả  Inox 304 Hàng Cao Cấp - Mua 1 Lần Dùng Mãi Mãi, Nạo Gọt Rau Củ Quả JODILY Inox 304 Hàng Cao Cấp - Mua 1 Lần Dùng Mãi Mãi (Hoàn tiền 10 lần nếu giao hàng không đúng mô tả và hỉnh ảnh và video) THÔNG TIN SẢN PHẨM:  Nạo gọt hoa củ quả là món đồ khôn...,https://salt.tikicdn.com/cache/280x280/ts/product/e2/26/65/b2fc264324b09063df8150963102d0f3.jpg,70000,,70000,,0,0,64,,available,,1000,1000,,5063093,Jodily StarHome
104110135,7613582558735,"Bàn chải nhà tắm, cọ bồn rửa Parroti Clever CR01","Bàn chải nhà tắm Parroti Clever - CR01Sản phẩm Bàn chải nhà tắm Parroti Clever CR01 dùng để chà rửa phòng toilet, nhà tắm, bồn rửa mặt một cách hiệu quả. Chà sạch và nhanh mọi vết dơ bẩn trên sàn, t...",https://salt.tikicdn.com/cache/280x280/ts/product/44/c0/02/b9b98a2cfdf24d8ee26abf58757283d3.jpg,59000,,99000,,40000,40,543,,available,,1000,1000,,746615,Parroti
57999394,9466863791713,Bộ Ga Gối Cotton Đũi Tici LIDACO Cao Cấp - Xanh Mint,"** Bộ ga gối cotton Tici gồm: - 01 Ga/Drap bo thun theo kích thước theo yêu cầu- 02 Vỏ gối nằm kích thước 50 x 70 cm (~3cm)** Bộ ga gối Cotton tici ( hay còn gọi là cotton thô, hay cotton đũi). Chất l...",https://salt.tikicdn.com/cache/280x280/ts/product/47/44/55/3a8c3927d7396f870fe3b0cc96bcb2ac.jpg,145000,,220000,,75000,34,450,,available,,1000,1000,,697923,LIDACO
138507381,3658524561380,Chai xịt chuột thái land rat off,"Chai xịt chuột thái lan rat off- Nhà nào có “anh tí” quanh quẩn thì mua về xài thử đi ạ, cực kì hiệu quả luôn nè.- Xịt đuổi chuột Thái Lan Rat-Off đuổi sạch chuột, tiêu diệt chuột sau 1 tuần xịt.- ...",https://salt.tikicdn.com/cache/280x280/ts/product/28/8c/0b/dab733e56c7ab960cd11088b1b18b293.jpg,83000,,83000,,0,0,152,,available,,1000,1000,,111461,OEM
149573787,3890772961842,Thùng rác thông minh cảm ứng tự động M&L-FH-2 phong cách Hàn Quốc,"Thùng rác thông minh cảm ứng tự động M&L - RoyalCare FH-2 phong cách Hàn Quốc sẽ thay đổi khái niệm về thùng rác của bạn. Thùng rác thông minh M&L - RoyalCare không còn là đồ dùng hôi hám, xấu...",https://salt.tikicdn.com/cache/280x280/ts/product/b9/c9/3f/fcdc3dd26176d408d0fa4b7461836431.jpg,479000,,479000,,0,0,153,,available,,1000,1000,,5718283,M&L
52187161,7329343025673,Giá Treo Ổ Điện Dán Tường Tiết Kiệm Không Gian,"Giá Treo Ổ Điện Dán Tường Tiết Kiệm Không GianGiúp cố định ổ điện lên tường, tiết kiệm không gian.Chất liệu nhựa nguyên sinh ABS an toàn và thân thiện cho môi trường.Kích thước 4.5*10.3*0.7cmNặng khoả...",https://salt.tikicdn.com/cache/280x280/ts/product/a4/b6/da/75fbba8b6f878a98c37b91336a23f0a3.jpg,13000,,14000,,1000,7,271,,available,,1000,1000,,111461,OEM
10227148,3182004464419,Dụng Cụ Mài Dao 3 Lớp Lock&Lock CKK112 (245 x 53 x 72 mm),"Dụng Cụ Mài Dao 3 Lớp Lock&Lock CKK112 (245 x 53 mm) có thể dùng để mài dao bằng kim loại, mài bén lưỡi dao cùn một cách dễ dàng, nhanh chóng.Chỉ cần đặt dao vào rãnh và kéo, mọi chuyện sẽ hoàn ...",https://salt.tikicdn.com/cache/280x280/ts/product/3c/40/21/4c6a581e755c952b1755aad785d3dd1e.jpg,171000,,275000,,104000,38,526,,available,,1000,1000,,48077,LocknLock
75615959,5061452148417,"Combo 5 khăn lau đa năng siêu thấm hút, khăn size lớn (30x40 cm) khăn lau kính, ô tô, mặt bàn, bếp Parroti Fiber FB01"," Khăn lau đa năng 2 mặt Parroti Fiber được làm từ sợi Microfiber, có tính chất hút nước cực cao, không để lại vệt nước hay vệt lau trên bề mặt. Sợi Microfiber còn có tính chất bền, không có bụi v...",https://salt.tikicdn.com/cache/280x280/ts/product/51/f4/b0/db29a16c52959852918e7a5064f27528.jpg,49000,,89000,,40000,45,750,,available,,1000,1000,,746615,Parroti
74396976,3481356156769,"Máy xay tỏi ớt bằng tay Lock&Lock (Nhiều kích cỡ) - Hàng chính hãng, lực nghiền mạnh với 3 lưỡi dao thép không gỉ","Máy xay tỏi ớt LocknLock mini nhiều size - Hàng chính hãng, lưỡi xay bén, kéo tay đơn giản, dễ vệ sinh - JoyMall- Chất liệu: Nhựa PP, ABS, Inox- Dung tích: + Size S: Màu Hồng - 400ml - CKS308PIK+ ...",https://salt.tikicdn.com/cache/280x280/ts/product/fd/99/00/c525a4df2bd8916ac4a899cb4f1e6aad.jpg,115000,,193000,,78000,40,1237,,available,,1000,1000,,48077,LocknLock
165404269,2510241933097,Khăn tắm sợi tre Bamboo&Love 60x120cm mềm mại kháng khuẩn siêu thấm hút an toàn cho da ngay cả với trẻ sơ sinh,"🌸 Thông tin chi tiết bộ sản phẩm Khăn sợi tre- Chất liệu: 60% Sợi tre, 40% Sợi cotton - Kích thước: 60x120 cm- Trọng lượng: 350gram - Tính năng: Siêu thấm hút, nhanh khô gấp 3-4 lần COTTON kh...",https://salt.tikicdn.com/cache/280x280/ts/product/4f/a7/a5/560ee137a4726e40f51ba169d3501452.jpg,95000,,148000,,53000,36,314,,available,,1000,1000,,111461,OEM
180378151,6517783474104,Bình giữ nhiệt LocknLock Metro Drive LHC4277S 650ml - Kèm ống hút và cọ rửa,"Ly giữ nhiệt Lock&Lock 650ml LHC4277S Metro Drive - Hàng chính hãng, kèm ống hút cọ rửa, thiết kế nắp xoay - JoyMallLy giữ nhiệt LocknLock Metro Drive LHC4277S có miếng lót tay chống trượt giúp c...",https://salt.tikicdn.com/cache/280x280/ts/product/42/b3/64/29c2cae5e0d85925945e235a4daa3cde.jpg,319000,,579000,,260000,45,22,,available,,1000,1000,,48077,LocknLock
189491905,8065384886699,"Nhang Sen Thuần Khiết Liên Tâm 20.5cm 160 cây - Ít khói, dịu nhẹ, 100% Đài sen thiên nhiên",NHANG SEN THUẦN KHIẾT LIÊN TÂM  Một giải pháp tâm linh cho gia đình hiện đại Thông tin chi tiết về sản phẩm Nhang Sen Thuần Khiết Liên Tâm - 20.5cm - Hộp 160 cây - nhang sạch hoàn toàn thiên nhiê...,https://salt.tikicdn.com/cache/280x280/ts/product/dd/2c/6f/effc8e9edec7be9c90f68b86d9ea9093.jpg,72000,,80000,,8000,10,221,,available,,1000,1000,,505265,Liên Tâm
3490669,4823514537369,Cây lau nhà tự vắt thông minh Panda ,"Cây lau nhà thông minh tự vắt khô   Chổi lau nhà dễ dàng vắt sạch và khô- không phải động tay vào nha mọi người.Sản phẩm gồm 1 cây lau nhà và 01 bông lau kèm chổi- Chổi gọn gàng, tự đứng thẳng được....",https://salt.tikicdn.com/cache/280x280/ts/product/35/05/c4/b0614a50ff43711fd9d3320296bd569b.jpg,114000,,135000,,21000,16,97,,available,,1000,1000,,111461,OEM
121396300,9916972717714,"Dây rút nhựa 10cm ,15cm, 20cm, 25cm, 30cm ( Khoảng 80 sợi/bịch )","** Dây rút nhưa 10cm, 15cm,25cm ,30cm MUA 10 BỊCH SIZE BẤT KỲ TẶNG 1 BỊCH LOẠI 10 CM ( 1 TẤC ) , MDây rút nhựa là một loại sợi được làm bằng chất liệu nhựa (PA Nylon 66) ưu điểm của nhựa polime này l...",https://salt.tikicdn.com/cache/280x280/ts/product/a0/0c/cb/6335396a25d0899c30c5191af9da3685.jpg,21000,,21000,,0,0,192,,available,,1000,1000,,111461,OEM
17593518,7271078876801,Bộ Hộp Cơm Giữ Nhiệt Thép Không Gỉ Lock & Lock LHC8031SLV - Bạc,"Bộ Hộp Cơm Giữ Nhiệt Thép Không Gỉ Lock & Lock LHC8031SLV-OCH - Bạc Gồm 3 hộp: 1 Hộp cơm 460ml, 1 hộp thức ăn 420ml và 1 hộp 280ml, 1 túi đựng, 1 đôi đũaThiết kế sang trọng, đường né...",https://salt.tikicdn.com/cache/280x280/ts/product/0a/cc/be/bd46ed18db8a626ab5c547c317f8d662.jpg,668000,,1285000,,617000,48,933,,available,,1000,1000,,48077,LocknLock
10032000,4113360249227,Ổ cắm đa năng du lịch Adapter,"Ổ cắm điện quốc tế đa năng du lịch Universal Travel AC AdapterThông tin sản phẩm:- Phù hợp với các bạn thường xuyên có nhu cầu đi du lịch nước ngoài, đi công tác, làm việ- Tương thích với chuẩn ổ c...",https://salt.tikicdn.com/cache/280x280/ts/product/28/44/91/04141c5e5179098b10ca2d5361fec7fb.jpeg,85000,,95000,,10000,11,52,,available,,1000,1000,,111461,OEM
147806385,2719179057922,"Đũa gắp thức ăn vặt DandiHome siêu nhẹ cho chơi game, làm việc văn phòng","Đũa gắp thức ăn vặt là 1 lựa chọn tuyệt vời cho các game thủ, hay dân văn phòng hay phải ngồi chơi game, làm việc với máy tính mà lại không muốn bị bẩn tay.- Với chất liệu: nhựa - an toàn vệ sinh, d...",https://salt.tikicdn.com/cache/280x280/ts/product/25/26/d4/5014037eae2f04d1a2c2a17a48f476f0.jpg,12000,,15000,,3000,20,12,,available,,1000,1000,,277519,DandiHome
134853381,8905347153837,Bình giữ nhiệt LocknLock Feather Light Ring 460ml,"Đặc điểm nổi bậtBình giữ nhiệt Lock&Lock Feather Light Ring LHC4244 có cấu tạo 4 lớp với lớp trong cùng và ngoài cùng được làm bằng thép không gỉ SUS304,2 lớp giữa là lớp mạ đồng và lớp chân khô...",https://salt.tikicdn.com/cache/280x280/ts/product/db/93/72/eb78f4fde20c982948ea782fb2279a1c.jpg,310000,,601000,,291000,48,314,,available,,1000,1000,,48077,LocknLock
162526068,6998997139077,"Đất trồng cây SOILMIX cho hoa hồng, cây cảnh, sen đá, rau sạch hữu cơ, bổ sung phân bón vi sinh, trichoderma, đá perlite","Đất trồng cây hữu cơ Soilmix, giá thể sạch trồng sen đá, hoa hồng, cây cảnh, chứa phân bón vi sinh, trichoderma, perliteThông tin sản phẩm: Đất trồng cây Soilmix là hỗn hợp đất trồng cây được phối t...",https://salt.tikicdn.com/cache/280x280/ts/product/f1/a0/4a/82135d6bc76d2a2d69b53064249ea3f1.jpg,49000,,49000,,0,0,109,,available,,1000,1000,,520061,Monrovia
77775165,7514367100786,Hộp Bảo Quản Thủy Tinh Lock&Lock LBG - Top Class (Nhiều Dung Tích),"Hộp Bảo Quản Thủy Tinh Locknlock Top Class có khả năng đóng kín tuyệt đối ngăn chặn không khí bên ngoài và bên trong nhờ ""khóa 4 cạnh"".Nắp được làm từ ""chất liệu tritan"" nên có thể sử dụng lâu dà...",https://salt.tikicdn.com/cache/280x280/ts/product/2f/72/bd/196813f7090b2d34f4755aa92c8d9d09.jpg,82600,,159000,,76400,48,931,,available,,1000,1000,,48077,LocknLock
57945711,1060880331419,Hộp đựng bàn chải kem đánh răng nhà tắm tặng kèm 4 cốc-Kệ để đồ vệ sinh răng miệng dán tường (màu ngẫu nhiên),"Hộp đựng bàn chải kem đánh răng nhà tắm tặng kèm 4 cốc-Kệ để đồ vệ sinh răng miệngChất liệu Kệ treo bàn chải đánh răngGiá để đồ được làm bằng nhựa,sắt sơn tĩnh điện rất bền và chắc chắn Nhờ có kệ ...",https://salt.tikicdn.com/cache/280x280/ts/product/2d/2e/0e/6091e6e3f0436a285ff292bbc275d4a9.jpg,229000,,229000,,0,0,0,,available,,1000,1000,,111461,OEM
949687,3206731925590,Kệ Đỡ Màn Hình Máy Tính Monitor Stand Plyconcept MSM01001 (490 x 200 mm) - Gỗ,Kệ Đỡ Màn Hình Máy Tính Monitor Stand Plyconcept * Hai vấn đề mà mọi người sử dụng Imac và desktop hay gặp phải đó là: 1/ Đa số các màn hình máy tính hiện tại được thiết kế khá thấp nên khi làm vi...,https://salt.tikicdn.com/cache/280x280/ts/product/fa/74/f4/aaa495a51c07be8f13e0cde59148cee0.jpg,250000,,300000,,50000,17,261,,available,,1000,1000,,152763,Plyconcept
178783625,3764083203271,Combo 2 Giá đỡ bàn chải máy dán tường NAVIVU,Giá đỡ bàn chải máy dán tường NAVIVUSản phẩm khách nhận được sẽ gồm 2 giá đỡ bàn chải máy dán tường NAVIVU không bao gồm bàn chải hay phụ kiện khác.  ...,https://salt.tikicdn.com/cache/280x280/ts/product/fa/f4/47/731242767ee0ce1b583224f51ffb822f.jpg,47000,,50000,,3000,6,33,,available,,1000,1000,,5706641,NAVIVU
102488853,2545049172651,"Thùng Đựng Gạo Cao Cấp 5kg & 10kg - Thùng Đựng Gạo Nắp Đậy Thông Minh, Thiết Kế Hiện Đại & Đẹp Mắt, Chất Liệu ABS &PP An Toàn Chống Nước, Chống Ẩm Mốc, Mối Mọt - Hàng Nhập Khẩu"," Sản phẩm chính hãng , nguồn gốc xuất xứ rõ ràng , hàng chất lượng cao. Tư vấn/hướng dẫn nhiệt tình chu đáo. Hãy chọn sản phẩm của SHOP để được trải nghiệm mua sắm tuyệt vời nhất với sản phẩm chất lượ...",https://salt.tikicdn.com/cache/280x280/ts/product/1d/17/97/84c51841e989ff2335dd2231e6b8048f.jpg,203000,,343500,,140500,41,595,,available,,1000,1000,,868633,ENCOVINA
206485076,7914870955601,Hương nhang sạch Dương Minh nhang 20cm và 30cm 100% thành phần tự nhiên các loại nhang Cam Sả nhang Bồ Kết nhang Bắc nhang Thảo Mộc nhang Quế nhang Khuynh Diệp và Trầm Hương cao cấp,"Một nén hương - Một lòng thành kính. Một làn khói - Một tâm an. Hay đơn giản là sự thư giãn tịnh tâm sau 1 ngày dài làm việc căng thẳng.Bạn chọn làn khói thiên nhiên thuần khiết, làn khói an toàn cho...",https://salt.tikicdn.com/cache/280x280/ts/product/f5/16/c0/23e2b93f2cc5a241d6eb6911f003dd8a.png,48000,,60000,,12000,20,166,,available,,1000,1000,,7486975,Dương Minh Since 1984
52578184,8757124579746,"Tuýp Keo Dán Đồ Gia Dụng Siêu Dính, Keo Dán Kim Loại Cao Cấp","Tuýp Keo Dán Đồ Gia Dụng Siêu Dính, Keo Dán Kim Loại Tongcen Cao CấpKeo dán siêu dính khi đã khui ra nên sử dụng ngay, không tái sử dụng khi mở nắp sẽ làm keo bị chết. Keo dạng đặc quánh, nên cần bó...",https://salt.tikicdn.com/cache/280x280/ts/product/53/eb/b6/262ae27f4ad5ce158415447ec505f789.jpg,15000,,15000,,0,0,8,,available,,1000,1000,,111461,OEM
57867023,3339191897104,Cây Lau Nhà Xoay 360 Độ Sunhouse Ks-Mo350I,"Đặc điểm nổi bậtCây lau nhà xoay 360 độ SUNHOUSE KS-MO350I có cán làm bằng inox 201 với tay cầm bằng nhựa PP cao cấp, chắc chắn, không bị han gỉ và có thể tháo lắp dễ dàng khi sử dụng. Cây lau có th...",https://salt.tikicdn.com/cache/280x280/ts/product/a7/95/24/9e3b9498b44a189d0cee7dfaac01428a.jpg,127000,,200000,,73000,37,629,,available,,1000,1000,,41048,Sunhouse
110894852,8394106418198,"Giấy Bạc Màng Nhôm MyJae Đài Loan Để Bảo Quản, Nướng Thức Ăn, Bọc Thực Phẩm 30cm x 14m","Thương hiệu: MyJaeMàu sắc: BạcChất liệu: NhômKích thước: 30cm x 14mĐặc điểm nổi bật:-Giấy nhôm bọc thực phẩm, không độc hại, an toàn khi sử dụng-Làm nóng thức ăn, hiệu quả giữ nhiệt tốt-Th...",https://salt.tikicdn.com/cache/280x280/ts/product/e4/a5/ba/78ad9039c50b88c233b0aacff84e2dac.png,85000,,119000,,34000,29,211,,available,,1000,1000,,3807547,MyJae
82875291,5337520824838,"Bộ 2 thùng vải, hộp vải đựng đồ đa năng -Màu Nâu Kem + Tặng kèm dây cột tóc- Hộp vải đựng quần áo 2 size đựng quần áo, đồ lót, giày, văn phòng phẩm, đồ dùng cá nhân rất tiện lợi-Bộ 2 hộp vải đựng đồ vải canvas siêu xinh có nắp đậy, tủ vải đựng đồ hộp cái ","BỘ 2 HỘP VẢI ĐỰNG ĐỒ VẢI CANVAS Giúp bạn cất gọn đồ đạc, tiết kiệm không gianVải không dệt, gia cố các tông, chống mài mòn và bền.  Thiết kế tay cầm để dễ dàng cầm nắm    Thích hợp cho quần áo...",https://salt.tikicdn.com/cache/280x280/ts/product/d9/17/e0/c522971a3aad2d816552f230b20603db.jpg,104000,,141700,,37700,27,141,,available,,1000,1000,,4408565,SOHOGO
12030860,7639855332283,"Áo Mưa kín người Không Xẻ Tà Vải Dù Hàng Cao Cấp Chống Thấm Cực Tốt, Áo Mưa Đi Xe Máy","Áo mưa là sản phẩm thông dụng, không thể thiếu khi mùa mưa đến, giúp bạn tránh những cơn mưa bất chợt, áo mưa được cắt may từ vải dù có độ bền cao hơn các loại vải khác ÁO MƯA KIỂU BÍT 2 BÊN KHÔNG X...",https://salt.tikicdn.com/cache/280x280/ts/product/e4/23/0d/a2c1de1e8550996d8de9bffdf4e7200e.png,100000,,135000,,35000,26,34,,available,,1000,1000,,111461,OEM
19298165,4415712149491,"Áo Mưa Bộ Cho Bé Trai, Bé Gái ( số 1-5) - Giao mẫu ngẫu nhiên","Kích thước:+ Size 1: Dành cho bé từ 1 đến 2 tuổi  chiều cao từ 80-1m , trọng lượng 9-12kg+ Size 2: Dành cho bé từ 2.5 đến 4.5 tuổi chiều cao từ 85 - 100cm , trọng lượng 15-19kg+ Size 3: Dành cho bé...",https://salt.tikicdn.com/cache/280x280/ts/product/e7/35/2f/a943690f9faa2f5464489e5c0564db1e.jpg,51000,,51000,,0,0,60,,available,,1000,1000,,111461,OEM
55900887,2112313292992,"Đèn Bàn Học Đọc Sách, Làm Việc (Học Sinh, Sinh Viên, Văn Phòng) LED Chống Cận, Cảm Ứng Nhôm Cao Cấp eLights","THIẾT KẾ SANG TRỌNG - ĐẲNG CẤPChất liệu hợp kim nhôm đẳng cấp, chắc chắn và sang trọngCó thể gập ở 2 vị trí, linh hoạt, chiếu sáng tới vị trí làm việcBỀN BỈHệ thống 26 bóng đèn LED tiết kiệm n...",https://salt.tikicdn.com/cache/280x280/ts/product/e3/2f/98/356fb347dc3019b36888f7f893882df5.jpg,329000,,449000,,120000,27,1099,,available,,1000,1000,,835483,eLights
14640240,4167998775870,Cân Điện Tử Nhà Bếp 5kg - Cân Chia Thực Phẩm Nhà Bếp - Cân Tiểu Ly 5kg,"Cân Điện Tử Nhà Bếp 5kg Hình 1:  Ảnh tổng quan sản phẩm Cân điện tử nhà bếp 5kg Cân điện tử 5kg có kích thước 16cm x 12.5cm làm từ chất liệu nhựa ABS cao cấp, màu trắng sang trọng, sạch sẽ. Cân có...",https://salt.tikicdn.com/cache/280x280/ts/product/6f/d3/ec/2579ecef70b0b129485bc43b2285d168.jpg,99000,,105000,,6000,6,108,,available,,1000,1000,,111461,OEM
467912,1273756821437,Máy Khoan Động Lực Bosch GSB 550 550W Set Và Bộ Dụng Cụ 100 Chi Tiết,"Thiết kế nhỏ gọn, thích hợp với mọi không gianMáy khoan động lực Bosch GSB 550 550W sở hữu thiết kế nhỏ gọn với khối lượng chỉ 1.8 kg, giúp người dùng thoải mái khi sử dụng thích hợp bố trí ở những k...",https://salt.tikicdn.com/cache/280x280/ts/product/dd/f8/79/e67e711ea310e5a0baa4fd06db8ddbd9.jpg,1650000,,2177000,,527000,24,1027,,available,,1000,1000,,25229,Bosch
179370829,6471748811091,GÓI 20 VIÊN KHĂN GIẤY NÉN HÀN QUỐC HÌNH VIÊN KẸO ĐA NĂNG,"  GÓI 20 VIÊN KHĂN GIẤY NÉN HÀN QUỐC HÌNH VIÊN KẸO ĐA NĂNG   Mùa hè, mùa du lịch, mùa dã ngoại, hay đi làm, KHĂN GIẤY NÉN này thì quá cần thiết. Cực tiện cho nhân viên văn phòng, các bạn hay đi công...",https://salt.tikicdn.com/cache/280x280/ts/product/21/0c/a5/c5b98caa0bdb87a9213f0d9ce8b064ae.jpeg,37000,,39000,,2000,5,14,,available,,1000,1000,,111461,OEM
114204740,3607879391595,Bình giữ nhiệt inox 304 Sunhouse 900ml KS-TU900I,"Bình giữ nhiệt inox 304 Sunhouse 900ml KS-TU900I có kiểu dáng năng động, phù hợp với các hoạt động thể thaoChất liệu inox cao cấp 304, an toàn tuyệt đối với sức khỏeNắp có giăng silicone giúp nắp...",https://salt.tikicdn.com/cache/280x280/ts/product/aa/4b/08/c6f5d8d4f2e263cb59b566a1cd23b6cb.jpg,146000,,225000,,79000,35,203,,available,,1000,1000,,41048,Sunhouse
53518638,9851183428515,2 Móc Dán Tường Giữ Dây Cắm Điện Phích Cắm Loại Trong Suốt,"Móc dán tường giữ dây điện loại trong suốtGiúp hệ thống dây điện nhà bạn luôn được giữ gọn gàng, an toàn khi không sử dụng.Có thể treo các loại vật dụng đơn giản khác và rất nhiềuKích thước :6.5*6...",https://salt.tikicdn.com/cache/280x280/ts/product/2f/b9/20/ed0f042dd14f251ceb19267e00189ea5.jpeg,14000,,15000,,1000,7,79,,available,,1000,1000,,111461,OEM
21101765,8082336692533,Bàn Học Bàn Làm Việc Kết Hợp Kệ Sách Thương Hiệu IGEA,Bạn đang cần tìm bàn làm việc có thiết kế hiện đại đẹp mắtBạn cần tìm mẫu bàn làm việc chắc chắc dễ dàng lắp đặtBạn muốn chiếc bàn làm việc phải có giá sách giá để đồ đi kèm để thuận tiện khi làm vi...,https://salt.tikicdn.com/cache/280x280/ts/product/d7/fc/82/5b994949feaf861a3da83ecfb02cb64b.jpg,729000,,729000,,0,0,2071,,available,,1000,1000,,523789,IGA
3927949,5261973592625,"Bộ sạc Energizer Charger kèm 4 pin Ener AA 2000mAh, tự ngắt sạc (CHVCM4)","THÔNG TIN SẢN PHẨMTên máy: Máy sạc pin Energizer Recharge kèm 2 pin TRAY Energizer AA 2000mAhXuất xứ: Chính hãng EnergizerNhà sản xuất: Shenzhen Highpower Technology CO., LTD.Sạc pin: Sạc 2-4 pin ...",https://salt.tikicdn.com/cache/280x280/ts/product/00/fc/77/ff9b52c3629c53b197591dd6691728bb.jpg,460000,,460000,,0,0,250,,available,,1000,1000,,19312,Energizer
199728521,5883576265421,Bộ lau nhà đa năng Space Saving Sunhouse KS-CL3211P,"Chất liệu nhựa PP siêu bền, an toànBộ lau nhà đa năng Space Saving SUNHOUSE KS-CL3211PB được thiết kế tiện dụng với thùng vắt làm bằng nhựa nguyên sinh PP bền bỉ, chịu lực tốt, hạn chế chầy xước. Thi...",https://salt.tikicdn.com/cache/280x280/ts/product/c3/b2/28/75f657efff241e42a0a46f09d98186e9.png,360000,,450000,,90000,20,78,,available,,1000,1000,,41048,Sunhouse
121602582,8655781416274,"Bình xịt chống thấm tường, Keo chống dột xịt chống thấm nhà, mái tôn, bể nước 720ml Waterproof","Theo thời gian, dưới sự tác động, mài mòn của thời tiết, một số bộ phận của công trình xây dựng dễ bị xuống cấp. Mặt khác, quá trình xuống cấp diễn ra nhanh chóng có thể xuất phát từ những sai sót tro...",https://salt.tikicdn.com/cache/280x280/ts/product/a3/43/1b/6742c7363ddf7907d41de10cf7448adf.jpg,57000,,63000,,6000,10,111,,available,,1000,1000,,111461,OEM
55669191,1522909462066,"Đèn Pixar, Đèn Học Chống Cận Thị, Đèn Đọc Sách, Đèn Làm Việc Để Bàn Chống Chói Mắt Lóa Mắt Bảo Vệ Mắt - Hàng Chính Hãng","Đèn Pixar, Đèn Học Chống Cận Thị PixarĐèn Đọc Sách, Đèn Làm Việc Để Bàn Chống Chói Mắt Lóa Mắt Bảo Vệ Mắt Thương Hiệu UY TÍN, CHẤT LƯỢNG Được Người Tiêu Dùng Bình Chọn Nhiều NămTHÔNG SỐ KĨ THUẬT ...",https://salt.tikicdn.com/cache/280x280/ts/product/9c/3d/f3/06cbf97623c2011dc12e49060496da5d.jpg,189000,,250000,,61000,24,1649,,available,,1000,1000,,245945,miDoctor
68716605,7783505362837,Dao Làm Bếp Đa Năng Sunhouse KS-KN165KS,"Thiết kế sang trọng, tinh tếDao Làm Bếp Đa Năng Sunhouse KS-KN165KS được thiết kế đơn giản với màu bạc sáng bóng, không chỉ hỗ trợ tối đa cho công việc bếp núc mà còn góp phần mang đến vẻ trang nhã, ...",https://salt.tikicdn.com/cache/280x280/ts/product/a1/3b/fe/d86bcc9e720ecd5380de33352227a7fa.jpeg,73000,,117000,,44000,38,264,,available,,1000,1000,,41048,Sunhouse
13309367,4399119847870,Ổ điện thông minh có 6 phích cắm 3 cổng USB (Giao Màu Ngẫu Nhiên),- LƯU Ý : - Ổ ĐIỆN XAN LÁ CHỈ DÙNG ĐƯỢC CHÂN CẮM DẸP - Ổ ĐIỆN CÓ CHÂN TRÒN KO CẮM ĐƯỢC NHA - CẮM VÀO SẼ BỊ DÍNH KO THÁO ĐC Sản phẩm được sản xuất sản xuất trên dây truyền hiện đại của Thái LanSản ...,https://salt.tikicdn.com/cache/280x280/ts/product/79/c6/e3/9fed16f8fc6e2eb782886b82f4f2da57.jpg,49900,,49900,,0,0,46,,available,,1000,1000,,111461,OEM
144752155,8699979308088,Khăn lau đa năng H600 Khăn lau tay bát đĩa nhà bếp vải mềm mịn thấm nước siêu nhanh tiện lợi an toàn,"Cicico Store cam kết : - Bán hàng đúng mô tả - 1 đổi 1 trong 7 ngày - Bảo hành 12 tháng với sản phẩm được bảo hànhTHÔNG TIN SẢN PHẨM: Khăn lau đa năngKích thước : 25*25cm, 27*16cmTên sản phẩm: Khăn l...",https://salt.tikicdn.com/cache/280x280/ts/product/97/80/93/999d023aa1da06b7fbd241762a84bc23.jpg,1000,,2000,,1000,50,1,,available,,1000,1000,,111461,OEM
35905855,9504097226127,"Cây Lau Nhà Pva Lock&Lock ETM481 - PP, 33 x 6 x 132 cm - Màu Trắng","Đặc điểm nổi bậtCây Lau Nhà PVA Lock&Lock - PP, 33 x 6 x 132 cm - Màu Trắng Cây lau nhà lau sạch các loại chất lỏng như sữa, cà phê.Các rãnh cực nhỏ trên bề mặt xốp PVA gom sạch hoàn toàn những...",https://salt.tikicdn.com/cache/280x280/ts/product/b3/f7/97/2927541b55f4e1088d740751978bd6e1.jpg,293000,,539000,,246000,46,1029,,available,,1000,1000,,48077,LocknLock
58002786,2231466734330,Vòi bơm dây dẫn nước rửa chén gắn chậu rửa Hobby home decor NRC2 đầu bơm inox 304 có van 1 chiều gắn chai nước rửa chén,Vòi bơm dây dẫn nước rửa chén gắn chậu rửa Hobby home decor NRC2 đầu bơm inox 304 có van 1 chiều gắn chai nước rửa chén\Thông tin kỹ thuậtVòi xịt Inox 304 không rỉ sétPhụ kiện ống dưới bằng nhự...,https://salt.tikicdn.com/cache/280x280/ts/product/db/f9/af/1fc87472ffa68dbb39e2c2a38e85d531.jpg,167000,,279000,,112000,40,264,,available,,1000,1000,,230607,Hobby Home Decor
137671794,6769526970328, Cân Tiểu Ly Nhà Bếp Chống Nước Cao Cấp Khoảng Chính Xác 1g - 5kg ," Cân Tiểu Ly Nhà Bếp Chống Nước Cao Cấp Trừ Bì Thông Minh Khoảng Chính Xác 1g - 5kg ( Hoàn tiền 10 lần nếu giao hàng không đúng mô tả, hình ảnh và video) Giới Thiệu Sản Phẩm:  Cân tiểu ly ngày càng đ...",https://salt.tikicdn.com/cache/280x280/ts/product/d1/6b/06/ca762dc63445d97ccc00d56b18f17b62.jpg,165000,,295000,,130000,44,206,,available,,1000,1000,,5063093,Jodily StarHome
71111080,1339941558226,"Kệ Để Giày Dép Inox 5 Tầng Chính Hãng Amalife, Giá Để Giày Inox 5 Tầng - Chọn Màu","Kệ Để Giày Dép Inox 5 Tầng Chính Hãng Amalife, Giá Để Giày Inox 5 Tầng - Chọn MàuMô Tả Chi Tiết - Kệ Để Giày Dép 5 Tầng Chính Hãng Amalife - Chọn Màu:Kệ Để Giày Dép Inox 5 Tầng, Giá Để Giày Inox ...",https://salt.tikicdn.com/cache/280x280/ts/product/9f/cf/3d/62f127b7c6bb122e5a41b1fec6750f63.png,107000,,107000,,0,0,325,,available,,1000,1000,,456351,Amalife
195852183,6345258326968,Bình giữ nhiệt bằng thép không gỉ LocknLock Jumbo Tumbler LHC4300 900ML,"Đặc điểm nổi bậtBình giữ nhiệt bằng thép không gỉ LocknLock Jumbo Tumbler LHC4300 có cấu tạo thân bình 2 lớp inox 304 cao cấp có khả năng cách nhiệt tốt, cứng cáp, chống gỉ, chống mài mòn và an toàn...",https://salt.tikicdn.com/cache/280x280/ts/product/29/de/a1/8fa25afd8f7fdd26f83edd3623b21d10.jpg,434000,,730000,,296000,41,271,,available,,1000,1000,,48077,LocknLock
3677799,4679674557613,Hộp 6 Lõi  Lọc Nước BRITA Maxtra Plus Filter Cartridge,Lõi lọc: Maxtra PlusThương hiệu: BRITAMàu sắc: TrắngThương hiệu đến từ ĐứcSản xuất tại ĐứcKhả năng lọc lên tới 6 (lõi lọc) x 4 (tuần) = 24 tuầnGiúp chống cặn vôiLoại bỏ các chất làm giảm mùi ...,https://salt.tikicdn.com/cache/280x280/ts/product/6a/46/76/ef41dc3644c01587ac6ba3149c6dfa19.png,909000,,1849000,,940000,51,427,,available,,1000,1000,,199495,Brita
48510374,6340435855627,Combo 300 Túi Lọc Rác Siêu Tiện dụng cho Bồn rửa Chén bát,"TÚI LỌC RÁC BỒN RỬA BÁT GOLDSEEE HÀNG VIỆT NAM CHÍNH HÃNGTắc nghẽn chậu rửa bát chính là việc chậu rửa thoát nước chậm, hay nước bị ứ đọng lại không trôi đươc đó.Mà nguyên nhân chủ yếu, thì vẫn là...",https://salt.tikicdn.com/cache/280x280/ts/product/2d/1b/3e/aad83b39f035ac192aa211de0bfd02d5.jpg,129000,,200000,,71000,36,349,,available,,1000,1000,,218129,Goldseee
51476716,6575351325491,"Bộ 10 đôi đũa inox 304 - 316 DandiHome 2020 chống trơn trượt, sang trọng, tinh tế","Sản phẩm đũa Inox thực sự không phổ biến ở Việt Nam, đa phần lí do mọi người không dùng vì “TRƠN, KHÓ GẮP”. Nhưng với đũa Inox 304 / 316 kiểu mới nhất dưới đây của DandiHome, tất cả sự bất tiện đó sẽ...",https://salt.tikicdn.com/cache/280x280/ts/product/9e/00/53/7fd0bc0d6a9c9d2426ace7d23ce8de0d.jpg,231000,,300000,,69000,23,719,,available,,1000,1000,,277519,DandiHome
696495,3999925082987,Ổ Cắm Điện 4 Lỗ 3 Chấu 3m Philips SPN1348WB/74 (2500W),"   Ổ Cắm Điện 4 Lỗ 3 Chấu 3m Philips SPN1348WB/74 (2500W)  gồm 4 lỗ cắm 3 chân, có thể sử dụng đồng thời cho nhiều thiết bị điện khác nhau như: quạt, tivi, sạc điện thoạ rất tiện         lợi.   Công...",https://salt.tikicdn.com/cache/280x280/media/catalog/product/1/4/1496217168172_3061380.u2769.d20170624.t162630.692620.jpg,346000,,359000,,13000,4,1,,available,,1000,1000,,19018,Philips
193433927,1515320388174,Đèn Bàn Học Led Đọc Sách Làm Việc Học Tập Bảo Vệ Mắt Chống Cận - 2 Trục Đèn Chiếu Sáng - Gấp Gọn Tiện Lợi ,Đặc điểm nổi bật:Chạm trượt điều chỉnh 5 cấp độ sángChế độ hẹn giờ thông minh 45 phútChế độ đọc sách 4000KPhần đế xoay tròn 180ºPhần đèn xoay trái phải lên xuống 180º60 hạt đèn Led với công suất 5W ...,https://salt.tikicdn.com/cache/280x280/ts/product/43/82/13/ef9ffb263c9f1a23e463908a3a1e68ae.jpg,699000,,699000,,0,0,87,,available,,1000,1000,,885047,TRIỀU CƯƠNG TECH 
210760574,9324410172526,Cây lau nhà tự vắt thông minh sợi microfiber,"*Thông số kỹ thuật:Thương hiệu : MyJaeMàu sắc : XámChất liệu :Ống thiếc tráng nhựa, nhựa, polyesterKích thước: Chiều dài cây lau: 128cm, Bông lau: 33,5 x 10,5cmBao gồm: 1* cây lau nhà, 2* bô...",https://salt.tikicdn.com/cache/280x280/ts/product/4e/48/4c/bc518844edcdf4410df032b5359621a3.png,429000,,499000,,70000,14,157,,available,,1000,1000,,3807547,MyJae
45300792,1174979350967,"Đồng hồ báo thức điện tử để bàn màn hình đa chức năng thời gian, lịch, báo thức, nhiệt độ DH89","MÔ TẢ SẢN PHẨMĐồng hồ báo thức điện tử thông minh để bàn miniĐồng hồ điện tử để bàn nhiều màu sắc.5 phân loại: DH89 Xanh Dương, DH89 Trắng, DH89 Xanh Lá, DH89 Đen, DH89 HồngĐa chức năng: Hiển th...",https://salt.tikicdn.com/cache/280x280/ts/product/1e/ff/c6/6d719f90983b4ce5eec478bc8596720a.jpg,95000,,95000,,0,0,19,,available,,1000,1000,,111461,OEM
52885368,4904460538850,1 Kg túi zip chỉ đỏ thương hiệu Gimex II,"Túi zipper đáy đứng dùng trong việc bảo quản thực phẩm, đựng đồ dùng trong gia đình hoặc được dùng để đựng linh kiện trong các ngành điện tử.Chiếc túi zipper bé nhỏ này sẽ giúp bạn phân chia hàng hóa,...",https://salt.tikicdn.com/cache/280x280/ts/product/dc/c3/98/0ef644f45deea5817d4bd3671d7a5466.jpg,69000,,69000,,0,0,244,,available,,1000,1000,,7304105,Túi ni lông tự phân hủy sinh học GIMEX II
69929041,5034345959445,"Móc Treo Quần Áo, Móc Phơi Đồ Trẻ Em Inox Kẹp Chống Rơi, Móc Treo Tất, Vớ, Đồ Lót Nhiều Kiểu Dáng","Móc treo quần áo, đồ trẻ em, tất vớ tiện lợi với kẹp chống rơi quần áo.Chất liệu Inox cứng cáp, không rỉ sét.Phần đầu treo có khóa gài, giúp không bị rơi rớt ngay cả khi gió to.Phần kẹp có lò xo chắc ...",https://salt.tikicdn.com/cache/280x280/ts/product/f7/5e/b6/86b5c9392043601a8ebe95cb5533c944.jpg,47000,,50000,,3000,6,227,,available,,1000,1000,,111461,OEM
41430891,9350564825955,Ổ Khóa 4 Số Có Đổi Mã Chữ U ZR-01,"CÁCH SỬ DỤNG:- Đưa khóa về vị trí ban đầu là 0-0-0-0,ấn push để mở khóa. Vặn đầu núm bên phải theo chiều kim đồng hồ, xoay dãy số như mật mã mình muốn chọn, sau đó vặn núm về vị trí ban đầu, vậy là đ...",https://salt.tikicdn.com/cache/280x280/ts/product/71/e2/77/f717ef8993809150e9738ba46cd17f46.png,149000,,161000,,12000,7,71,,available,,1000,1000,,111461,OEM
54130086,1380654175323,Cây lau nhà tự vắt thông minh đa năng cao cấp Parroti Magic MG01 - Tặng 1 Miếng Lau,"5 LÝ DO TẠI SAO BẠN GHÉT LAU NHÀ, ĐÂU LÀ GIẢI PHÁP? 1. Bạn mất rất nhiều sức, mất nhiều thời gian để lau xong 1 sàn nhà?Cây lau nhà thông minh Parroti có tấm lau cực đại (32 x 10 Cm) sẽ giúp bạn l...",https://salt.tikicdn.com/cache/280x280/ts/product/d5/88/2a/b63ec031c0439e152b8b382a78bedef7.jpg,239000,,349000,,110000,32,620,,available,,1000,1000,,746615,Parroti
55365176,5408782531210,0.5kg túi zipper chỉ đỏ đựng thực phẩm,"Túi zip có đặc điểm là dai, bền, được thiết kế có khóa miết do vậy ta có thể dán kín miệng túi mà không cần dùng chun hay dây để buộc túiTúi zip được dùng để đựng rất nhiều loại đồ dùng khác nhau nh...",https://salt.tikicdn.com/cache/280x280/ts/product/5f/6b/00/da925af1655719bbe0f1d8b5c3768854.jpg,39000,,39000,,0,0,250,,available,,1000,1000,,7304105,Túi ni lông tự phân hủy sinh học GIMEX II
155794592,8489674723737,"Kệ lò vi sóng đa năng Thép Carbon cao cấp Vando, kệ để đồ nhà bếp siêu chịu lực 300kg sơn tĩnh điện chống bong tróc, kệ nhà bếp ","TÍNH NĂNG CỦA KỆ ĐỂ ĐỒ ĐA NĂNG - GIẢI PHÁP CHO KHÔNG GIAN:Kệ siêu chịu lực 300kg, để càng nhiều đồ nặng kệ càng đầm chắc chắn hơn: xoong nồi, lò vi sóng, lò nướng,...Chất liệu cứng cáp, bền bỉ hơn ...",https://salt.tikicdn.com/cache/280x280/ts/product/e7/88/09/58dbee4ab35f16c9b9139ea9401fbcd0.jpg,845000,,1427000,,582000,41,248,,available,,1000,1000,,204895,VANDO
54686184,5612638961018,"Bạt Áo Trùm Máy Giặt Cửa Trên, Cửa Ngang Vải Dù Siêu Dày, Chống Thấm Nước, Không Phai Màu - (Giao Màu - Họa Tiết Ngẫu Nhiên)","- Vì sản phẩm có rất nhiều họa tiết nên shop sẽ giao ngẫu nhiên nha mong quý khách thông cảm cho shop ạ.- Chất liệu vải dù dày chắc, độ bền cao, có thể giặt sạch và phơi nắng mà không bị phai màu, co...",https://salt.tikicdn.com/cache/280x280/ts/product/38/35/74/8295c0f24546c13c62289a7c496fe098.jpg,108300,,114000,,5700,5,569,,available,,1000,1000,,837855,XUDI
85029598,7782739006381,Ổ cắm Điện Quang ĐQ 002A-02 (3 lỗ),"       TIỆN DỤNG, ĐẢM BẢO AN TOÀN- CHỈ CÓ THỂ LÀ Ổ CẮM ĐIỆN QUANG   1/ ĐIỂM ĐẶC BIỆT SẢN PHẨM:   - An toàn 99.9% cho người dùng với tính năng tự ngắt điện khi quá tải (breaker)   - Bảo hiểm trá...",https://salt.tikicdn.com/cache/280x280/ts/product/4e/58/27/ddd1593532bcb7b732c0d7be0cae7d98.png,95000,,95000,,0,0,60,,available,,1000,1000,,41391,Điện Quang
7114709,8907074775303,Đèn Pin Đội Đầu Sunhouse Cỡ Nhỏ She 5012,"Thiết kế nhỏ gọn, nhẹ đầuĐèn đội đầu Sunhouse SHE-5012 cỡ nhỏ, có thiết kế nhỏ gọn, nhẹ, dễ dàng đội lên đầu một cách trực tiếp, dây đeo co giãn tốt. Đặc biệt nó được tích hợp bộ sạc nằm gọn trong th...",https://salt.tikicdn.com/cache/280x280/ts/product/42/9f/b7/cf6c0c17557d56df6668389a02d3980a.jpg,77100,,99000,,21900,22,40,,available,,1000,1000,,41048,Sunhouse
56880195,8346511556103,Bình nước Lock&Lock Eco Bottle ABF664 750ml,"Đặc điểm nổi bậtBình nước Lock&Lock Eco Bottle ABF664 750ml không chứa chất BPA nguy hiểm cho sức khỏe nên an toàn khi uống.Nắp bình có dây silicone, tiện lợi khi mang theo ra ngoài.Nắp có gio...",https://salt.tikicdn.com/cache/280x280/media/catalog/producttmp/bf/b5/de/1c4b96354937f32ec2121d3e9ccad430.jpg,153000,,242000,,89000,37,1214,,available,,1000,1000,,48077,LocknLock
71999229,5602056006026,Nồi Inox 3 Lớp Đáy Liền Elmich Trimax Classic,"Chất liệu inox 304 cao cấpNồi Inox 3 Lớp Đáy Liền Elmich Trimax Classic sử dụng chất liệu lớp trong cùng là inox 304 cao cấp an toàn cho thực phẩm. Inox 304 được khẳng định là hợp kim inox tuyệt vời,...",https://salt.tikicdn.com/cache/280x280/ts/product/d1/ba/b0/1906bfd95089f54263de26dec5ab4b11.jpg,533000,,870000,,337000,39,174,,available,,1000,1000,,31627,Elmich
53973090,8890882804337,"Ghế xếp thư giãn cao cấp SUMIKA 168 - Có thể ngã thành giường nằm, vải lưới Textilene thoáng khí, gối có thể tháo rời, tải trọng 300kg, khung ghế bằng thép không gỉ, đế chống trượt",Ghế xếp thư giãn Sumika 168 trở thành người bạn quen thuộc của đông đảo gia đình Việt Nam. Sản phẩm có thiết kế hiện đại giúp không gian sử dụng sang trọng. Đồng thời đây cũng là chiếc ghế xếp tiện lợ...,https://salt.tikicdn.com/cache/280x280/ts/product/b9/4c/e7/683d89f59d7ddf05e8db51d8b7046479.jpg,1290000,,1500000,,210000,14,394,,available,,1000,1000,,51302,Sumika
35058677,5751695460376,Vỉ 5 Viên Pin CR1632 ( CR 1632/5BE x 1 Vỉ ) Panasonic Lithium 3 V - Hàng Chính Hãng,"THÔNG SỐ KĨ THUẬTHiệu điện thế : 3 VĐặc Tính : Pin LithiumKích thước : 16 x 3,2 mmDùng Phổ Biến cho Remote ô tô , xe máy , cân điện tử , đồng hồ , máy đo kĩ thuậtVới công nghệ vượt trội . Pin Pan...",https://salt.tikicdn.com/cache/280x280/ts/product/e7/2a/c0/cce43f321e612f0e60430af9909a4517.png,90000,,100000,,10000,10,73,,available,,1000,1000,,18804,Panasonic
578967,1222109028719,Chảo Đá Chống Dính Siêu Bền Sunhouse SBD28 28cm,"Chảo Đá Chống Dính Siêu Bền Sunhouse SBD28 28cm với chất liệu hợp kim nhôm dày 3mm phủ lớp chống chính an toàn và siêu bền, không dễ bong tróc lớp chống dính trên bề mặt như những loại chảo khác và đặ...",https://salt.tikicdn.com/cache/280x280/media/catalog/producttmp/80/7a/ff/928b9582e874ca56928a5ea5e6e808a5.jpg,267000,,430000,,163000,38,1197,,available,,1000,1000,,41048,Sunhouse
141246639,1469211770326,Hộp giữ nhiệt đựng đồ ăn có tay cầm Handle Food Jar LocknLock 700ml,Hộp giữ nhiệt đựng đồ ăn có tay cầm Handle Food Jar LocknLock có tay cầm dễ dàng để xách đi và có thể gấp gọn khi không dùng đến.Hộp đựng nhỏ tiện lợi để chứa đồ ăn đi kèm hoặc nước sốt.Mu...,https://salt.tikicdn.com/cache/280x280/ts/product/3d/41/7a/a67b60f07f07dafc859d69724766cf48.jpg,412000,,800000,,388000,49,241,,available,,1000,1000,,48077,LocknLock
106208909,9582761900717,"Ô dù che mưa cỡ lớn tự động đóng mở, gấp gọn tiện lợi - Thiết kế mở ngược chống ướt khi mở, gập - Chính hãng NIKITA","Ô dù che mưa cỡ lớn tự động đóng mở, gấp gọn tiện lợi   Chính hãng NIKITAKích thước gấp gọn nhỏ gọn: 34cm x 7cm ( Có túi cất chống thấm nước kèm theo )Kích thước sử dụng rộng rãi có thể sử dụng cho...",https://salt.tikicdn.com/cache/280x280/ts/product/3a/02/22/114037374e12f0ba1e84a71eb1d33d7f.jpg,159000,,199000,,40000,20,194,,available,,1000,1000,,254939,Nikita
217714140,6043000690818,"Móc Dán Tường INOX 304 Treo Đồ nặng, Treo Thớt, Nồi Niêu Treo Đồ Đa Năng [CHỐNG NƯỚC, CHỐNG RỈ] Dán Mọi Bề Mặt","Móc Dán Tường INOX 304 Treo Đồ nặng, Treo Thớt, Nồi Niêu Treo Đồ Đa Năng [CHỐNG NƯỚC, CHỐNG RỈ] Dán Mọi Bề Mặt(Hoàn tiền 10 lần nếu giao hàng không đúng mô tả và hỉnh ảnh và video) Giới Thiệu Sản Phẩ...",https://salt.tikicdn.com/cache/280x280/ts/product/d0/2b/c7/4b2e2addb42d1329e0b7f1cadf084399.jpg,15000,,15000,,0,0,139,,available,,1000,1000,,5063093,Jodily StarHome
87873126,5167207359446,"Áo Mưa Bộ Vải Dù, Bộ Quần Áo Mưa Có Phản Quang Đủ Size, Chống Thấm Hiệu Quả, Phù Hợp Nam Và Nữ, Có Túi Đựng, Có Lựa Chọn Màu Sắc",ÁO MƯA BỘ CAO CẤP CÓ PHẢN QUANG ĐỦ SIZECách chọn Size :2XL: cao từ 155cm -170cm hoặc nặng 45-70kg3XL: cao từ 170cm - 185cm hoặc nặng trên 70kg- Xuất xứ: Việt Nam- Bộ gồm: Áo (khóa kéo và nút bóp)...,https://salt.tikicdn.com/cache/280x280/ts/product/1c/b8/50/03e2c13ac01dc3f5b084ece475a48ca4.jpg,142500,,150000,,7500,5,171,,available,,1000,1000,,837855,XUDI
51662145,6324772269248,"Keo dán siêu dính X2000 (50g) dán gỗ, sắt, sứ, kim loại đa năng","1.Tính năng ưu việtKeo X2000 là loại keo dán sắt – keo dán kim loại chuyên dụng với thành phần chính là a-xyannoacrylic axit. Đây là một thành phần đơn, có độ nhớt thấp và trong suốt. Với khả năng gắn...",https://salt.tikicdn.com/cache/280x280/ts/product/cd/41/5a/1aea251a7d3fd4be01eadeffa0c84ee2.jpg,52000,,55000,,3000,5,77,,available,,1000,1000,,111461,OEM
114789036,1803364895158,Vòi Dẫn Nước Rửa Chén Bộ Đầu Vòi Dẫn Bơm Hút Xịt Nước Rửa Chén Dầu Rửa Bát Gắn Bồn Rửa Bát,       Vòi Dẫn Nước Rửa Chén Bộ Đầu Vòi Dẫn Bơm Hút Xịt Nước Rửa Chén Dầu Rửa Bát Gắn Bồn Rửa Bát   - Lấy dầu rửa bát/xà phòng dễ dàng tiện lợi   - Không phải mua từng chai nhỏ nưa mà có thể dùn...,https://salt.tikicdn.com/cache/280x280/ts/product/23/80/b0/2aaece8f732722853ac8fbc601a838c8.jpg,74000,,74000,,0,0,0,,available,,1000,1000,,111461,OEM
58828647,5431222851005,"Xe đẩy hàng 4 bánh SUMIKA T150 - Khung thép, tay cầm gấp mở tiện lợi, tải trọng 150kg","Xe đẩy hàng SUMIKA T150 di chuyển linh hoạt, dễ dàng.- T150 là dòng xe đẩy hàng đa năng 1 tầng với kích thước tiêu chuẩn khi mở rộng là 47cmx73cmx86cm (Dài x Rộng x Cao), giúp bạn thao tác dễ dàng và...",https://salt.tikicdn.com/cache/280x280/ts/product/6f/2d/98/43f81cf4762882f5d88d58b5397bc361.jpg,890000,,1350000,,460000,34,461,,available,,1000,1000,,51302,Sumika
161225352,5769682666012,"Miếng dán đỡ kệ gỗ, chia ngăn tủ, không cần đóng đinh","Miếng dán đỡ kệ gỗ, chia ngăn tủ, không cần đóng đinhLoại Đơn 7cmx7cm Sức chịu lực 5kg Kích thước 7cm * 7cmChất liệu Keo siêu dính, nhựa PVC Phù hợp để chia ngăn tủ hồ sơ, tủ quần áo, làm móc treo ...",https://salt.tikicdn.com/cache/280x280/ts/product/f4/3c/35/c87f19b5b96e4bd24264f529b99d29f7.jpg,13000,,14000,,1000,7,36,,available,,1000,1000,,111461,OEM
134582052,9215011458640,"ĐỆM TRẢI SÀN, NỆM, TOPPER HÀNG XUẤT NHẬT","       NỆM XUẤT NHẬT CHÍNH HÃNG   Kích Thước   - 1m x 2m x 7cm (1ng nằm) cao cấp dày 9cm   - 1m4 x 2m x 7cm ( 1,2ng nằm)cao cấp dày 9cm   - 1m6 x 2m x 7cm (2,3ng nằm) cao cấp dày...",https://salt.tikicdn.com/cache/280x280/ts/product/31/bc/b4/45fdf72e7097219f11e59c854579bb9d.jpg,380000,,380000,,0,0,1,,available,,1000,1000,,111461,OEM
178068438,9447493870208,"Khăn giấy cuộn đa năng, lau bếp, lau kính, chén bát, lau tay (50 khăn/cuộn, 25cm x25cm) - Parroti Bingo NG01","Khăn giấy cuộn đa năng, lau bếp, lau kính, lau chén bát, lau tay - Parroti Bingo NG01Khăn giấy cuộn đa năng, lau bếp, lau kính, lau chén bát, lau tay - Parroti Bingo NG01 với khả năng ba...",https://salt.tikicdn.com/cache/280x280/ts/product/1e/1e/90/4a224446b545611a4825c0dd78a5aa67.jpg,39900,,78000,,38100,49,84,,available,,1000,1000,,746615,Parroti
48055150,9659634781215,Thảm Lau Chân Chống Trượt Siêu Thấm 40x60cm,"Thảm Lau Chân Chống Trượt Siêu Thấm 40x60cmKích thước: 40 x 60cmChất liệu lông mềm mại, an toàn, mặt dưới là lớp bám sàn chống trượt.Thảm được làm từ những sợi vải lông mềm mại, với tính năng thấm ...",https://salt.tikicdn.com/cache/280x280/ts/product/49/4a/7f/7b02bf324fb15b0ec289dbaea0265398.jpg,93000,,186000,,93000,50,218,,available,,1000,1000,,111461,OEM
51554889,1883522734320,"Ron Dán Che Khe Cửa ,Chân Cửa Chống Gió Lùa, Chống Bụi Và Chống Côn Trùng - Hàng Chính Hãng Cuộn 2m","Ron Dán Che Khe Cửa ,Chân Cửa Chống Gió Lùa, Chống Bụi Và Chống Côn Trùng - Hàng Chính Hãng Cuộn 2mNgăn bụi rác và côn trùng len vào phòngSản phẩm dễ tháo lắp, tùy chỉnh, không ảnh hưởng đến nền ...",https://salt.tikicdn.com/cache/280x280/ts/product/36/09/50/9e8602c2944ec5b7534c08d300373555.jpg,38000,,52000,,14000,27,611,,available,,1000,1000,,63747,3M
19719366,2355155952109,"Võng dù 2 lớp BAN MAI, gọn nhẹ 230x145 cm, nặng 600gr (Giao màu ngẫu nhiên)","Võng dù 2 lớp BAN MAI, tiện lợi khi đi du lịch mọi lúc mọi nơiChất liệu: Vải sợi 100% Polyester, may 2 lớp, mát mẻ.Có sẵn dây 2m mỗi đầuKích thước khi sử dụng: 300 x 145 cm, nặng 600grVõng dù: r...",https://salt.tikicdn.com/cache/280x280/ts/product/05/f1/14/6db8d6454ccc30ebce36002085c2fef6.jpg,122000,,150000,,28000,19,129,,available,,1000,1000,,420823,Ban Mai
11203853,1270566807224,"Bộ 10 đinh treo tranh, mắc màn loại 4 chân","Đinh ghim 4 chân chuyên dụng không cần khoan tường, ghim chuyên dụng  Treo khung ảnh, Treo đồ Mắc màn Vô cùng chắc chắn và thẩm mỹ, chỉ để lại lỗ nhỏ xíu khó nhận biết trên tường khi rút ra. Kí...",https://salt.tikicdn.com/cache/280x280/ts/product/b7/d2/46/460240252d961f75af698563b069b34f.JPG,23000,,24900,,1900,8,197,,available,,1000,1000,,111461,OEM
110756858,6754336014950,Set 200 Găng Tay Nilon Trong Suốt Sử Dụng Một Lần Tiện Lợi ,"BAO TAY NYLON DÙNG 1 LẦN HỘP 200 CÁIHộp 200 Cái Găng Tay Nilon Dùng 1 Lần Siêu Dai Chống Thấm Nước được làm bằng nhựa HDPE có độ bền, dai, khó rách. - Đặc biệt, các chất phụ gia thêm vào sẽ giúp sản...",https://salt.tikicdn.com/cache/280x280/ts/product/fd/c0/18/21827501ca4b22c577a37ef7656e3fde.jpg,29900,,29900,,0,0,65,,available,,1000,1000,,111461,OEM
41886085,8211351809149,Túi Đựng Ly Giữ Nhiệt Lớn 900ml - Nhiều Hoa Văn,"Túi Đựng Ly Giữ Nhiệt Lớn 900ml - Nhiều Hoa VănĐược thiết kế dành cho ly giữ nhiệt 900ml.Chất liệu dày dặn bảo vệ ly khỏi va đập, trầy xước.Đồng thời còn giúp tăng cường khả năng giữ nhiệt.Chất liệu ...",https://salt.tikicdn.com/cache/280x280/ts/product/55/d9/dc/4d1b80b47bf2bb43ca6be9d961da2172.jpg,38000,,40000,,2000,5,755,,available,,1000,1000,,111461,OEM
54122078,2818757436182,Pin AAAA Energizer E96 BP2,• Energizer là nhà sản xuất tiên phong trong các nhà sản xuất pin AAAA kiềm không thủy ngân (Zero Mercury AAAA Alkaline Battery) an toàn cho môi trường.• Tuổi thọ bền bỉ và liên tục cải tiến là những ...,https://salt.tikicdn.com/cache/280x280/ts/product/d1/24/06/9bf7c49b18711fdfb80d13c97dcb3cdb.jpg,65000,,65000,,0,0,174,,available,,1000,1000,,19312,Energizer
63133571,6715562779908,Mền lông cừu xanh dương đậm cao cấp A - 1m8x2m,...,https://salt.tikicdn.com/cache/280x280/ts/product/7b/c8/86/f9f54dd5dcdd8eaf7f3fe6130f3c597b.png,156000,,180000,,24000,13,344,,available,,1000,1000,,252399,A
22081865,9668027232968,TÚI ÁO BÌNH GIỮ NHIỆT TIỆN LỢI,"Túi giữ nhiệt tiện lợi dùng được cho cả mùa hè và mùa đông khi cần giữ ấm hay giữ lanh.Túi gọn nhẹ, dễ dàng mang theo và có thể gấp gọn khi không cần dùng tới Túi có độ co giãn và có thể giặt mà không...",https://salt.tikicdn.com/cache/280x280/ts/product/58/af/04/25a3e72ef48409f937dbc13189029cfa.jpg,38000,,40000,,2000,5,254,,available,,1000,1000,,111461,OEM
16166750,6451228730783,ÁO MƯA BIT CƠ BẢN,"Áo mưa được làm bằng chất liệu vải dù cao cấp nên siêu bền, đường may chắc chắn, xé không đứt, khó rách.Kiểu dáng gọn nhẹ, màu sắc thanh lịch, dễ dàng gấp gọn để bảo quản.Áo dài (tính cả nón) 138cm ...",https://salt.tikicdn.com/cache/280x280/ts/product/39/f0/b1/eba51b32805e888afb9e65f7bf63c06b.jpg,95000,,95000,,0,0,16,,available,,1000,1000,,111461,OEM
